lineage,R
A,-42.383060455322266
A.1,-22.335399627685547
A.2.5.2,1.272585391998291
AV.1,-38.73392868041992
AY.1,-106.4244384765625
AY.100,-99.5377426147461
AY.101,-92.94512176513672
AY.102,-106.65665435791016
AY.103,-99.61766052246094
AY.105,-103.9123306274414
AY.106,-101.95764923095703
AY.107,-100.02240753173828
AY.108,1.256119728088379
AY.109,-101.25044250488281
AY.110,-116.05233764648438
AY.111,-96.77983856201172
AY.112,-93.68230438232422
AY.112.2,-100.5929946899414
AY.113,-98.29761505126953
AY.114,-102.77271270751953
AY.116,-103.3305892944336
AY.116.1,-100.42019653320312
AY.117,-101.06489562988281
AY.118,-101.0699462890625
AY.119,-100.79249572753906
AY.119.1,-92.27595520019531
AY.119.2,-101.54403686523438
AY.120,-100.17020416259766
AY.120.1,-104.52713775634766
AY.120.2,-95.34566497802734
AY.121,-97.19116973876953
AY.121.1,-98.39012908935547
AY.122,-102.09678649902344
AY.122.1,-106.51805877685547
AY.122.4,-100.33015441894531
AY.122.5,-82.34046936035156
AY.122.6,-79.81031799316406
AY.124,-101.51868438720703
AY.124.1,1.2656826972961426
AY.124.1.1,-91.43904113769531
AY.125,-93.28265380859375
AY.126,-101.0337142944336
AY.127,-95.78895568847656
AY.127.1,1.2343997955322266
AY.129,-98.27172088623047
AY.13,-101.52110290527344
AY.131,1.2276848554611206
AY.132,1.2685332298278809
AY.133,-75.56546783447266
AY.14,-111.05494689941406
AY.16,-97.6721420288086
AY.2,-98.0374526977539
AY.20,-100.90025329589844
AY.23,-108.25093841552734
AY.23.1,1.272547960281372
AY.24,-96.40831756591797
AY.25,-100.91560363769531
AY.25.1,-99.88185119628906
AY.25.1.1,-93.35206604003906
AY.25.1.2,-93.64108276367188
AY.25.2,1.2660495042800903
AY.25.3,-100.7831802368164
AY.26,-102.91777038574219
AY.26.1,1.2724082469940186
AY.27,-107.83245086669922
AY.28,1.2722793817520142
AY.29,1.259958028793335
AY.3,-100.9044418334961
AY.3.1,-101.9328842163086
AY.3.3,-91.23841094970703
AY.30,1.2727035284042358
AY.33,-99.08650970458984
AY.34,-98.04409790039062
AY.34.1,-94.97212982177734
AY.34.1.1,-64.43163299560547
AY.34.2,1.2657246589660645
AY.35,-99.73875427246094
AY.36,-98.33474731445312
AY.37,-112.70983123779297
AY.38,-97.92881774902344
AY.39,-98.60353088378906
AY.39.1,-99.6878890991211
AY.39.1.1,1.2724082469940186
AY.39.2,-94.35124969482422
AY.39.3,-90.05615997314453
AY.4,-98.5315170288086
AY.4.10,-90.28677368164062
AY.4.12,1.261799931526184
AY.4.13,1.2511123418807983
AY.4.15,1.2709351778030396
AY.4.2,-91.43022918701172
AY.4.2.1,-85.33806610107422
AY.4.2.2,-91.39014434814453
AY.4.2.3,-106.36747741699219
AY.4.3,1.224509835243225
AY.4.4,1.2719759941101074
AY.4.5,-87.069091796875
AY.4.6,1.2516469955444336
AY.4.8,-79.1781997680664
AY.4.9,1.175624966621399
AY.41,1.2643935680389404
AY.42,-103.73992919921875
AY.43,-96.50791931152344
AY.43.1,1.2330455780029297
AY.43.2,1.265323281288147
AY.43.3,-96.93223571777344
AY.43.4,-86.79800415039062
AY.43.6,1.2719759941101074
AY.43.8,-99.19530487060547
AY.44,-101.57154083251953
AY.45,-109.69779968261719
AY.46,-110.9119873046875
AY.46.1,-97.07626342773438
AY.46.2,1.2616908550262451
AY.46.3,1.272585391998291
AY.46.4,-103.50154113769531
AY.46.5,-89.72447967529297
AY.46.6,-95.62444305419922
AY.47,-104.25486755371094
AY.48,-103.43148040771484
AY.5,-108.93815612792969
AY.5.1,1.2719111442565918
AY.5.3,-102.4329833984375
AY.5.4,1.2620238065719604
AY.52,-139.3082275390625
AY.54,-109.2586669921875
AY.55,1.260810136795044
AY.56,-98.4673843383789
AY.57,-78.68994140625
AY.6,-77.678955078125
AY.62,-118.41085052490234
AY.64,-109.36424255371094
AY.65,-104.13957214355469
AY.67,-99.79452514648438
AY.69,1.2174382209777832
AY.7.1,-148.92086791992188
AY.7.2,-85.10717010498047
AY.72,-92.90901184082031
AY.73,1.2640026807785034
AY.74,-105.84420776367188
AY.75,-103.14334869384766
AY.77,-103.42204284667969
AY.79,1.2724082469940186
AY.81,-102.70902252197266
AY.83,-105.8567123413086
AY.85,-90.35675811767578
AY.86,-3.542261838912964
AY.87,1.2606321573257446
AY.88,-100.64994049072266
AY.9,1.2481204271316528
AY.9.2,-108.2560806274414
AY.90,1.2624680995941162
AY.92,-98.55491638183594
AY.95,-106.88895416259766
AY.98,-90.10176849365234
AY.98.1,-100.56742858886719
AY.99,-4.882795810699463
AY.99.1,-99.56963348388672
AY.99.2,-90.57247924804688
B,-92.3985595703125
B.1,-83.69221496582031
B.1.1,-44.340415954589844
B.1.1.161,-54.03660202026367
B.1.1.168,1.2718055248260498
B.1.1.186,1.2708534002304077
B.1.1.207,1.2718055248260498
B.1.1.228,7.197096824645996
B.1.1.28,1.2624220848083496
B.1.1.519,41.631126403808594
B.1.1.529,-48.961299896240234
B.1.1.7,-97.35043334960938
B.1.139,1.256513237953186
B.1.2,-72.1834487915039
B.1.234,31.436649322509766
B.1.240,-96.75533294677734
B.1.241,1.2639286518096924
B.1.243,-12.655538558959961
B.1.258,-4.0338358879089355
B.1.280,1.264839768409729
B.1.298,-44.26994705200195
B.1.351,-98.05611419677734
B.1.369,1.2611404657363892
B.1.399,1.2672301530838013
B.1.400,1.2831170558929443
B.1.427,1.275516152381897
B.1.429,11.326197624206543
B.1.503,50.510738372802734
B.1.509,1.272585391998291
B.1.517,-64.6667709350586
B.1.526,-90.00595092773438
B.1.558,7.202072620391846
B.1.575,1.2720308303833008
B.1.577,-31.238475799560547
B.1.588,1.282594919204712
B.1.595,-48.25212478637695
B.1.617,1.2717524766921997
B.1.617.1,1.2705129384994507
B.1.617.2,-96.33578491210938
B.1.621,-117.5965347290039
B.1.621.1,1.2683099508285522
B.1.637.1,-96.04708099365234
B.1.639,1.272625207901001
B.1.640.1,-71.74473571777344
B.1.640.2,1.265023112297058
B.1.9,1.268747329711914
B.11,1.2831621170043945
B.23,1.2643052339553833
B.28,1.2564560174942017
B.41,1.2665597200393677
B.55,1.251661777496338
B.6,1.264839768409729
BA.1,-48.2589111328125
BA.1.1,-37.67559814453125
BA.1.1 (consensus call),49.46208953857422
BA.1.1.1,-31.023244857788086
BA.1.1.10,-31.66671371459961
BA.1.1.11,-26.15546226501465
BA.1.1.12,-36.49151611328125
BA.1.1.13,-32.764591217041016
BA.1.1.14,-38.17839050292969
BA.1.1.15,-36.35197448730469
BA.1.1.16,-38.123023986816406
BA.1.1.17,-42.25252914428711
BA.1.1.18,-41.222015380859375
BA.1.1.2,-42.051944732666016
BA.1.1.3,-29.66272735595703
BA.1.1.4,-38.54335403442383
BA.1.1.5,-18.76128387451172
BA.1.1.6,-41.046817779541016
BA.1.1.7,-34.61076354980469
BA.1.1.8,-40.84135055541992
BA.1.1.9,-34.316070556640625
BA.1.10,-36.920372009277344
BA.1.12,-30.91669464111328
BA.1.13,-45.37346649169922
BA.1.13.1,-24.080568313598633
BA.1.14,-42.071651458740234
BA.1.14.1,-37.29600143432617
BA.1.14.2,-32.27153396606445
BA.1.15,-47.098182678222656
BA.1.15.1,-51.124656677246094
BA.1.15.2,-33.8182487487793
BA.1.15.3,-37.47682189941406
BA.1.16,-42.441246032714844
BA.1.16.2,1.2643052339553833
BA.1.17,-50.08759307861328
BA.1.17.1,1.1915192604064941
BA.1.17.2,-47.6750602722168
BA.1.18,-47.111392974853516
BA.1.19,-48.15735626220703
BA.1.20,-46.80011749267578
BA.1.21,-38.294677734375
BA.1.21.1,-33.96139907836914
BA.1.22,-26.606447219848633
BA.1.23,-18.73324203491211
BA.1.3,-36.794029235839844
BA.1.4,-45.94596481323242
BA.1.5,-38.6007194519043
BA.1.6,-43.55191421508789
BA.1.7,-35.29242706298828
BA.1.8,1.1699459552764893
BA.1.9,-35.84906005859375
BA.2,-9.339695930480957
BA.2.1,-7.391012191772461
BA.2.10,-17.577817916870117
BA.2.10.1,-16.6387939453125
BA.2.10.2,-6.490578651428223
BA.2.10.3,-16.494155883789062
BA.2.10.4,34.13677978515625
BA.2.11,8.244479179382324
BA.2.12,-5.7359938621521
BA.2.12.1,5.017228603363037
BA.2.12.2,13.555174827575684
BA.2.13,4.7289862632751465
BA.2.13.1,12.479039192199707
BA.2.14,-7.577864170074463
BA.2.15,-0.5055404901504517
BA.2.17,-12.154444694519043
BA.2.18,4.738593578338623
BA.2.19,-15.190943717956543
BA.2.2,-13.35153579711914
BA.2.2.1,-45.89346694946289
BA.2.20,-6.586366653442383
BA.2.21,-8.744938850402832
BA.2.22,-0.10164766013622284
BA.2.23,-2.654942750930786
BA.2.23.1,-5.133022308349609
BA.2.24,-4.005105972290039
BA.2.25,-13.76921558380127
BA.2.26,-12.0731201171875
BA.2.27,-6.93064022064209
BA.2.28,0.7201004028320312
BA.2.29,-1.3266897201538086
BA.2.3,-11.007377624511719
BA.2.3.1,-8.039050102233887
BA.2.3.10,-9.361100196838379
BA.2.3.11,-4.5366973876953125
BA.2.3.12,-10.57304573059082
BA.2.3.13,-8.305879592895508
BA.2.3.14,-7.541084289550781
BA.2.3.15,-8.461877822875977
BA.2.3.16,-10.494172096252441
BA.2.3.17,-15.39649486541748
BA.2.3.2,-3.2901978492736816
BA.2.3.20,50.089725494384766
BA.2.3.21,1.6031872034072876
BA.2.3.4,-9.65597152709961
BA.2.3.5,-13.6707181930542
BA.2.3.6,-4.917455673217773
BA.2.3.7,17.307451248168945
BA.2.3.8,-16.469959259033203
BA.2.3.9,-8.107743263244629
BA.2.30,-4.088846206665039
BA.2.31,-7.127800941467285
BA.2.31.1,1.445539951324463
BA.2.32,-9.793635368347168
BA.2.33,-3.9693570137023926
BA.2.34,-4.2565107345581055
BA.2.35,8.360209465026855
BA.2.36,1.7023907899856567
BA.2.37,-9.032716751098633
BA.2.38,8.020452499389648
BA.2.38.1,26.316133499145508
BA.2.38.2,26.65386199951172
BA.2.38.3,29.545495986938477
BA.2.38.4,11.172696113586426
BA.2.39,-9.920504570007324
BA.2.4,-11.723555564880371
BA.2.40,14.581860542297363
BA.2.40.1,2.8487401008605957
BA.2.41,2.557302474975586
BA.2.42,6.005709648132324
BA.2.43,5.372813701629639
BA.2.44,6.4400634765625
BA.2.45,3.252760648727417
BA.2.47,-1.4503083229064941
BA.2.48,1.7514318227767944
BA.2.49,-1.953795313835144
BA.2.5,-15.357099533081055
BA.2.50,0.4174804091453552
BA.2.51,-7.040747165679932
BA.2.52,7.682037353515625
BA.2.53,5.330085277557373
BA.2.54,9.655129432678223
BA.2.55,3.1206185817718506
BA.2.56,6.955239295959473
BA.2.57,5.8678388595581055
BA.2.58,-0.7853986620903015
BA.2.59,-1.9549428224563599
BA.2.6,-8.228899002075195
BA.2.60,-1.5012555122375488
BA.2.61,10.327603340148926
BA.2.62,-7.749152660369873
BA.2.63,-10.469618797302246
BA.2.64,-6.806447982788086
BA.2.65,-3.8085243701934814
BA.2.65 (consensus call),49.24313735961914
BA.2.66,-3.286836862564087
BA.2.68,-9.335782051086426
BA.2.69,-2.6811931133270264
BA.2.7,-14.316675186157227
BA.2.70,-10.263498306274414
BA.2.71,7.366644382476807
BA.2.72,-0.5392019748687744
BA.2.73,-1.737176537513733
BA.2.74,24.767480850219727
BA.2.75,37.30165481567383
BA.2.75.1,38.35525894165039
BA.2.75.10,31.364051818847656
BA.2.75.2,44.07804489135742
BA.2.75.3,34.697021484375
BA.2.75.4,46.463775634765625
BA.2.75.5,45.186458587646484
BA.2.75.6,43.804996490478516
BA.2.75.7,40.142051696777344
BA.2.75.9,37.270904541015625
BA.2.76,23.504810333251953
BA.2.76.1,28.245962142944336
BA.2.77,5.370904922485352
BA.2.78,9.690052032470703
BA.2.79,14.717781066894531
BA.2.79.1,19.9477481842041
BA.2.8,-6.320180892944336
BA.2.81,13.497387886047363
BA.2.82,22.871061325073242
BA.2.85,2.91032075881958
BA.2.86,121.77250671386719
BA.2.86 (consensus call),7.569825172424316
BA.2.86.1,127.08878326416016
BA.2.86.1 (consensus call),147.66455078125
BA.2.86.2,114.346435546875
BA.2.86.2 (consensus call),1.2839295864105225
BA.2.86.3,119.43536376953125
BA.2.86.3 (consensus call),1.2836806774139404
BA.2.86.4,1.2837862968444824
BA.2.86.4 (consensus call),1.2838295698165894
BA.2.86.5,1.2838231325149536
BA.2.86.6,1.3270131349563599
BA.2.86.6 (consensus call),1.3054510354995728
BA.2.86.7,1.3054677248001099
BA.2.86.7 (consensus call),1.292452096939087
BA.2.87 (consensus call),1.2919591665267944
BA.2.9,-8.38779354095459
BA.2.9.1,-6.875263690948486
BA.2.9.2,-17.214887619018555
BA.2.9.3,5.226691246032715
BA.2.9.4,13.136310577392578
BA.2.9.5,-4.877020835876465
BA.2.9.6,4.177606105804443
BA.2.9.7,8.219734191894531
BA.3,159.97010803222656
BA.3.1,-13.848333358764648
BA.4,24.618328094482422
BA.4.1,23.253318786621094
BA.4.1.1,21.985097885131836
BA.4.1.10,43.8072509765625
BA.4.1.11,1.2880752086639404
BA.4.1.2,19.19696044921875
BA.4.1.3,25.059144973754883
BA.4.1.4,29.073728561401367
BA.4.1.5,30.60573959350586
BA.4.1.6,21.589462280273438
BA.4.1.8,38.057044982910156
BA.4.1.9,39.95205307006836
BA.4.2,23.89568328857422
BA.4.3,22.369380950927734
BA.4.4,24.008193969726562
BA.4.5,24.061025619506836
BA.4.6,38.55118942260742
BA.4.6.1,42.2607421875
BA.4.6.2,47.432952880859375
BA.4.6.3,55.66279983520508
BA.4.6.4,43.140628814697266
BA.4.6.5,38.5074577331543
BA.4.7,36.418907165527344
BA.4.8,19.947307586669922
BA.5,34.52457046508789
BA.5.1,34.84223175048828
BA.5.1.1,31.070980072021484
BA.5.1.10,36.81554412841797
BA.5.1.11,38.22215270996094
BA.5.1.12,44.057029724121094
BA.5.1.15,32.7697868347168
BA.5.1.16,28.371904373168945
BA.5.1.17,35.65184783935547
BA.5.1.18,46.29985046386719
BA.5.1.19,36.320838928222656
BA.5.1.2,36.94793701171875
BA.5.1.20,37.708431243896484
BA.5.1.21,37.3566780090332
BA.5.1.22,36.133853912353516
BA.5.1.23,35.744163513183594
BA.5.1.24,33.55817413330078
BA.5.1.25,34.81529235839844
BA.5.1.26,50.158111572265625
BA.5.1.27,52.063716888427734
BA.5.1.28,45.3619384765625
BA.5.1.29,36.58382034301758
BA.5.1.3,35.45591735839844
BA.5.1.30,36.031776428222656
BA.5.1.31,41.531009674072266
BA.5.1.32,56.080387115478516
BA.5.1.33,49.386226654052734
BA.5.1.34,38.448204040527344
BA.5.1.35,32.53303527832031
BA.5.1.36,47.32141876220703
BA.5.1.37,53.010223388671875
BA.5.1.38,1.2822548151016235
BA.5.1.4,31.894472122192383
BA.5.1.5,43.19929122924805
BA.5.1.6,37.89374923706055
BA.5.1.7,39.765769958496094
BA.5.1.8,32.51462936401367
BA.5.1.9,34.79424285888672
BA.5.10,39.65591049194336
BA.5.10.1,42.292659759521484
BA.5.11,67.8750228881836
BA.5.12,55.66569900512695
BA.5.2,37.57989501953125
BA.5.2.1,34.74944305419922
BA.5.2.1 (consensus call),53.723567962646484
BA.5.2.10,35.51301193237305
BA.5.2.11,35.54429626464844
BA.5.2.12,42.12712478637695
BA.5.2.13,50.84691619873047
BA.5.2.14,52.091678619384766
BA.5.2.16,37.0310173034668
BA.5.2.18,46.6380729675293
BA.5.2.19,40.61344528198242
BA.5.2.2,31.54920196533203
BA.5.2.20,39.304473876953125
BA.5.2.21,36.72526168823242
BA.5.2.22,38.97768020629883
BA.5.2.23,48.835365295410156
BA.5.2.24,41.054771423339844
BA.5.2.25,49.068939208984375
BA.5.2.26,43.27357864379883
BA.5.2.27,38.29341125488281
BA.5.2.28,38.201515197753906
BA.5.2.29,43.37188720703125
BA.5.2.3,37.347293853759766
BA.5.2.30,45.210208892822266
BA.5.2.31,39.153167724609375
BA.5.2.32,54.71150207519531
BA.5.2.33,37.51795959472656
BA.5.2.34,50.85519027709961
BA.5.2.35,54.0102424621582
BA.5.2.36,42.99179458618164
BA.5.2.37,41.27096176147461
BA.5.2.38,39.84677505493164
BA.5.2.39,49.64521026611328
BA.5.2.4,35.74306869506836
BA.5.2.41,42.67463684082031
BA.5.2.43,56.173831939697266
BA.5.2.44,36.0466423034668
BA.5.2.45,44.787330627441406
BA.5.2.46,46.10157012939453
BA.5.2.47,51.239627838134766
BA.5.2.48,63.65061950683594
BA.5.2.49,59.43768310546875
BA.5.2.5,17.94303321838379
BA.5.2.51,47.281394958496094
BA.5.2.52,53.5903205871582
BA.5.2.53,44.86549377441406
BA.5.2.54,52.1782112121582
BA.5.2.55,44.73484420776367
BA.5.2.56,44.80549621582031
BA.5.2.57,49.027225494384766
BA.5.2.58,51.41215515136719
BA.5.2.59,49.03941345214844
BA.5.2.6,50.796268463134766
BA.5.2.60,52.49969482421875
BA.5.2.61,54.33393478393555
BA.5.2.62,43.083431243896484
BA.5.2.63,56.164093017578125
BA.5.2.7,45.17076110839844
BA.5.2.8,37.82260513305664
BA.5.2.9,37.46169662475586
BA.5.3,24.40462303161621
BA.5.3.1,37.2752799987793
BA.5.3.2,21.181968688964844
BA.5.3.3,34.23219680786133
BA.5.3.4,30.023576736450195
BA.5.3.5,58.67794418334961
BA.5.5,27.200666427612305
BA.5.5.1,40.887550354003906
BA.5.5.2,31.62978744506836
BA.5.5.3,33.34774398803711
BA.5.6,30.99393081665039
BA.5.6.1,38.398189544677734
BA.5.6.2,38.55643081665039
BA.5.6.3,49.052207946777344
BA.5.6.4,43.9288215637207
BA.5.7,44.38923263549805
BA.5.8,29.408103942871094
BA.5.9,44.313602447509766
BB.1,-88.5732650756836
BC.1,-31.631818771362305
BC.2,1.2624220848083496
BD.1,-17.012130737304688
BE.1,32.21343994140625
BE.1.1,36.58836364746094
BE.1.1.1,47.33268737792969
BE.1.1.2,39.7638053894043
BE.1.2,43.417152404785156
BE.1.2.1,53.712364196777344
BE.1.3,29.500900268554688
BE.1.4,33.22016525268555
BE.1.4.1,34.92030334472656
BE.1.4.2,50.19108581542969
BE.1.4.3,34.1063117980957
BE.1.4.4,33.40185546875
BE.10,62.112178802490234
BE.11,27.23089027404785
BE.12,24.852426528930664
BE.13,76.48859405517578
BE.2,32.87999725341797
BE.3,29.891448974609375
BE.4,36.84691619873047
BE.4.1,45.27864074707031
BE.4.1.1,47.559959411621094
BE.4.2,57.93767547607422
BE.5,26.46360206604004
BE.6,53.4229736328125
BE.7,51.761985778808594
BE.8,56.123085021972656
BE.9,66.23844909667969
BF.1,28.72284698486328
BF.1.1,14.808857917785645
BF.10,35.85542297363281
BF.10.1,52.3669548034668
BF.11,48.64209747314453
BF.11.1,46.43688201904297
BF.11.2,61.223270416259766
BF.11.3,49.692649841308594
BF.11.4,48.28656768798828
BF.11.5,52.79730224609375
BF.12,31.292051315307617
BF.13,41.90407180786133
BF.14,51.25327682495117
BF.15,39.90461730957031
BF.16,39.46686935424805
BF.17,39.08108901977539
BF.18,34.73447036743164
BF.19,31.046220779418945
BF.2,36.546531677246094
BF.20,27.862693786621094
BF.21,32.3216438293457
BF.22,38.496829986572266
BF.23,37.582763671875
BF.24,32.64761734008789
BF.25,42.966529846191406
BF.26,39.792972564697266
BF.27,32.976585388183594
BF.28,30.182727813720703
BF.29,37.4036865234375
BF.3,36.15729904174805
BF.3.1,31.37526512145996
BF.30,51.744930267333984
BF.31,40.167633056640625
BF.31.1,55.507293701171875
BF.32,49.25851058959961
BF.34,47.03337478637695
BF.36,34.04099655151367
BF.38,35.52314376831055
BF.39,38.86040496826172
BF.39.1,60.086673736572266
BF.4,35.5860595703125
BF.40,41.61802291870117
BF.41,34.7003288269043
BF.41.1,52.86136245727539
BF.5,36.89616394042969
BF.5.1,51.1828727722168
BF.5.2,1.2838404178619385
BF.5.4,46.186119079589844
BF.5.5,42.01251983642578
BF.6,36.00849914550781
BF.6 (consensus call based on Emerging Variants AA substitutions),3.469815492630005
BF.7,49.019229888916016
BF.7.1,52.72531509399414
BF.7.10,51.84058380126953
BF.7.11,55.66205596923828
BF.7.12,50.74961853027344
BF.7.13,1.2828295230865479
BF.7.13.2,43.10924530029297
BF.7.14,65.71796417236328
BF.7.14.1,66.40621185302734
BF.7.14.2,1.2827181816101074
BF.7.14.3,65.7719497680664
BF.7.14.4,63.68583679199219
BF.7.14.5,62.62746047973633
BF.7.14.6,64.51824951171875
BF.7.15,74.23149108886719
BF.7.16,48.964012145996094
BF.7.17,58.27023696899414
BF.7.18,49.59677505493164
BF.7.19,48.39536666870117
BF.7.19.1,52.20783615112305
BF.7.20,49.2934455871582
BF.7.21,54.620914459228516
BF.7.22,50.93034744262695
BF.7.23,50.735599517822266
BF.7.24,51.78989791870117
BF.7.26,47.10074996948242
BF.7.27,46.72634506225586
BF.7.3,51.08854675292969
BF.7.4,48.3719482421875
BF.7.4.1,52.15151596069336
BF.7.4.2,44.31175231933594
BF.7.5,53.40426254272461
BF.7.5.1,51.895179748535156
BF.7.6,49.65292739868164
BF.7.7,49.488040924072266
BF.7.8,48.79290008544922
BF.7.9,38.499427795410156
BF.8,31.048355102539062
BF.9,31.979341506958008
BG.1,5.455021381378174
BG.2,14.626312255859375
BG.3,14.40762996673584
BG.4,9.8370943069458
BG.5,10.508652687072754
BH.1,35.30497741699219
BJ.1,37.78596878051758
BK.1,37.88066864013672
BL.1,42.986976623535156
BL.1.3,41.72301483154297
BL.1.4,47.46224594116211
BL.1.5,47.30702209472656
BL.2,44.45173263549805
BL.3,34.45066833496094
BL.4,38.76668930053711
BL.6,48.57358169555664
BM.1,40.7237434387207
BM.1.1,51.09492492675781
BM.1.1.1,43.423763275146484
BM.1.1.3,46.53732681274414
BM.1.1.4,62.5235481262207
BM.1.1.5,1.2850704193115234
BM.2,48.069984436035156
BM.2.1,48.05998611450195
BM.2.3,39.43534469604492
BM.3,30.655616760253906
BM.4,28.795988082885742
BM.4.1,46.21223831176758
BM.4.1.1,47.28271484375
BM.5,38.707786560058594
BM.6,38.88225555419922
BN.1,57.377132415771484
BN.1.1,59.899776458740234
BN.1.1.1,60.20919418334961
BN.1.10,56.80568313598633
BN.1.11,61.374656677246094
BN.1.2,60.646873474121094
BN.1.2.1,57.90556335449219
BN.1.2.2,60.74079513549805
BN.1.2.3,60.14537811279297
BN.1.2.4,64.050048828125
BN.1.2.5,62.45132827758789
BN.1.2.6,60.93171310424805
BN.1.2.7,9.987161636352539
BN.1.3,57.970943450927734
BN.1.3.1,59.568668365478516
BN.1.3.11,71.74337768554688
BN.1.3.12,56.77621078491211
BN.1.3.13,1.297224998474121
BN.1.3.2,4.030407428741455
BN.1.3.3,55.909908294677734
BN.1.3.4,63.90099334716797
BN.1.3.5,61.35842514038086
BN.1.3.6,55.99543380737305
BN.1.3.7,58.924320220947266
BN.1.3.8,55.851417541503906
BN.1.3.9,62.48841094970703
BN.1.4,56.67896270751953
BN.1.4.1,60.74348831176758
BN.1.4.2,62.081424713134766
BN.1.4.3,58.36199951171875
BN.1.4.5,55.32509994506836
BN.1.5,57.224517822265625
BN.1.5.1,56.98137664794922
BN.1.5.2,60.174560546875
BN.1.6,40.66219711303711
BN.1.7,58.643070220947266
BN.1.8,44.36481475830078
BN.1.9,55.62055587768555
BN.2,37.24903106689453
BN.2.1,47.11689758300781
BN.3,50.342872619628906
BN.3.1,61.041561126708984
BN.4,43.59206008911133
BN.5,41.515594482421875
BN.6,42.9625244140625
BP.1,37.12300109863281
BQ.1,56.8790168762207
BQ.1.1,60.99309539794922
BQ.1.1.1,62.686946868896484
BQ.1.1.10,67.1650161743164
BQ.1.1.11,60.86796569824219
BQ.1.1.12,48.80929946899414
BQ.1.1.13,66.26210021972656
BQ.1.1.14,60.68315887451172
BQ.1.1.15,63.26906967163086
BQ.1.1.16,63.700439453125
BQ.1.1.17,59.68511962890625
BQ.1.1.18,61.939781188964844
BQ.1.1.18 (consensus call),62.92053985595703
BQ.1.1.19,57.49274826049805
BQ.1.1.2,63.844573974609375
BQ.1.1.20,69.5663070678711
BQ.1.1.21,71.7847900390625
BQ.1.1.22,61.77961349487305
BQ.1.1.23,63.543128967285156
BQ.1.1.24,63.41439437866211
BQ.1.1.25,56.480037689208984
BQ.1.1.26,66.81460571289062
BQ.1.1.27,58.62652587890625
BQ.1.1.28,61.624481201171875
BQ.1.1.29,65.92190551757812
BQ.1.1.3,58.98412322998047
BQ.1.1.30,66.41114807128906
BQ.1.1.31,62.05061721801758
BQ.1.1.31 (consensus call),68.97281646728516
BQ.1.1.32,66.26873779296875
BQ.1.1.32 (consensus call),64.06707000732422
BQ.1.1.35,69.59354400634766
BQ.1.1.36,65.87273406982422
BQ.1.1.37,69.89431762695312
BQ.1.1.38,69.43494415283203
BQ.1.1.39,72.52124786376953
BQ.1.1.4,60.383522033691406
BQ.1.1.40,64.04151153564453
BQ.1.1.41,63.68391036987305
BQ.1.1.42,69.74678039550781
BQ.1.1.43,70.27520751953125
BQ.1.1.44,69.18927001953125
BQ.1.1.45,77.27424621582031
BQ.1.1.46,67.9639892578125
BQ.1.1.47,68.94509887695312
BQ.1.1.48,71.48001861572266
BQ.1.1.49,64.67192077636719
BQ.1.1.5,59.255550384521484
BQ.1.1.50,1.2821102142333984
BQ.1.1.51,61.3373908996582
BQ.1.1.52,61.0655517578125
BQ.1.1.53,73.0448226928711
BQ.1.1.54,65.47407531738281
BQ.1.1.55,69.62257385253906
BQ.1.1.56,64.33506774902344
BQ.1.1.57,60.09918212890625
BQ.1.1.58,68.46688842773438
BQ.1.1.59,75.56446838378906
BQ.1.1.6,59.56422805786133
BQ.1.1.60,64.99503326416016
BQ.1.1.61,66.90552520751953
BQ.1.1.62,57.0850715637207
BQ.1.1.63,72.84479522705078
BQ.1.1.64,47.78173065185547
BQ.1.1.65,72.14129638671875
BQ.1.1.66,64.033203125
BQ.1.1.67,59.89105987548828
BQ.1.1.68,58.622013092041016
BQ.1.1.69,60.79059600830078
BQ.1.1.7,59.47277069091797
BQ.1.1.7 (consensus call),61.229087829589844
BQ.1.1.70,62.61659240722656
BQ.1.1.71,1.2825793027877808
BQ.1.1.72,59.471168518066406
BQ.1.1.73,5.145816802978516
BQ.1.1.74,70.62994384765625
BQ.1.1.76,71.5825424194336
BQ.1.1.77,65.83999633789062
BQ.1.1.78,1.2820141315460205
BQ.1.1.79,78.74114990234375
BQ.1.1.8,59.3145751953125
BQ.1.1.9,60.3902587890625
BQ.1.10,58.352699279785156
BQ.1.10.1,59.84749984741211
BQ.1.10.2,65.29447174072266
BQ.1.10.3,66.12813568115234
BQ.1.11,56.41686248779297
BQ.1.11.1,61.49888610839844
BQ.1.12,56.75333786010742
BQ.1.13,56.6828727722168
BQ.1.13.1,65.98233032226562
BQ.1.14,55.59233856201172
BQ.1.15,55.82646560668945
BQ.1.15.1,80.02175903320312
BQ.1.15.2,68.16266632080078
BQ.1.16,52.008453369140625
BQ.1.17,50.82097244262695
BQ.1.18,64.72630310058594
BQ.1.19,51.48809051513672
BQ.1.2,58.87018585205078
BQ.1.2.1,66.11985778808594
BQ.1.2.2,4.135839462280273
BQ.1.2.3,56.72209930419922
BQ.1.20,55.6639289855957
BQ.1.21,65.9924545288086
BQ.1.22,65.95586395263672
BQ.1.23,58.82183074951172
BQ.1.23 (consensus call),59.94380187988281
BQ.1.24,66.91325378417969
BQ.1.25,65.23985290527344
BQ.1.25.1,65.98733520507812
BQ.1.26,60.43366622924805
BQ.1.26.1,59.646663665771484
BQ.1.27,59.478668212890625
BQ.1.28,64.87187194824219
BQ.1.29,58.79222106933594
BQ.1.3,56.855838775634766
BQ.1.3.1,59.566802978515625
BQ.1.3.2,56.333580017089844
BQ.1.30,66.37419891357422
BQ.1.31,63.648136138916016
BQ.1.32,75.46784973144531
BQ.1.33,5.906754493713379
BQ.1.4,57.563663482666016
BQ.1.5,55.83147048950195
BQ.1.6,51.87661361694336
BQ.1.7,51.10681915283203
BQ.1.8,57.167823791503906
BQ.1.8.2,61.94832992553711
BQ.1.9,62.14777374267578
BQ.2,50.18709182739258
BR.1,49.27711868286133
BR.1.2,54.19620132446289
BR.2,64.81786346435547
BR.2.1,64.76924133300781
BR.3,46.85722351074219
BR.4,49.14093780517578
BR.5,59.67152786254883
BR.5.1,64.7426528930664
BS.1,42.507930755615234
BS.1.1,53.47294998168945
BT.1,29.696285247802734
BT.2,43.62548828125
BU.1,52.85050964355469
BU.2,41.713680267333984
BU.3,52.23381423950195
BV.1,41.632442474365234
BV.2,41.02896499633789
BW.1,59.60239791870117
BW.1.1,63.47744369506836
BW.1.1.1,63.241180419921875
BW.1.1.2,64.76327514648438
BW.1.2,59.10780334472656
BY.1,46.55581283569336
BY.1.1,47.69305419921875
BY.1.1.1,64.39268493652344
BY.1.2,45.97956848144531
BZ.1,36.66129684448242
BZ.2,50.02252197265625
C.37,1.2705129384994507
CA.1,47.092002868652344
CA.2,41.77231979370117
CA.3,48.60835647583008
CA.3.1,63.43516159057617
CA.5,50.26248550415039
CA.6,49.568782806396484
CA.7,56.33280944824219
CB.1,48.02704620361328
CC.1,43.282630920410156
CD.1,43.895484924316406
CD.2,43.49354934692383
CE.1,45.54238510131836
CF.1,40.670021057128906
CG.1,43.54603576660156
CH.1,44.11300277709961
CH.1.1,68.9302978515625
CH.1.1.1,76.2099609375
CH.1.1.10,70.05741882324219
CH.1.1.11,71.27510833740234
CH.1.1.12,1.2830339670181274
CH.1.1.13,70.57260131835938
CH.1.1.14,77.24211120605469
CH.1.1.15,89.87959289550781
CH.1.1.16,86.1075668334961
CH.1.1.18,70.3201904296875
CH.1.1.19,76.12195587158203
CH.1.1.2,76.51020050048828
CH.1.1.20,4.621842384338379
CH.1.1.21,71.18312072753906
CH.1.1.23,1.2819864749908447
CH.1.1.24,72.91564178466797
CH.1.1.25,66.1590805053711
CH.1.1.26,67.67081451416016
CH.1.1.27,71.18512725830078
CH.1.1.28,76.7033920288086
CH.1.1.29,3.502648115158081
CH.1.1.3,71.58435821533203
CH.1.1.30,2.2646095752716064
CH.1.1.32,90.59265899658203
CH.1.1.5,74.95933532714844
CH.1.1.6,75.88226318359375
CH.1.1.7,72.08149719238281
CH.1.1.9,74.93094635009766
CH.2,42.677242279052734
CH.3,1.290323257446289
CJ.1,67.30081939697266
CJ.1.1,1.2821102142333984
CJ.1.2,59.508583068847656
CJ.1.3,81.3930435180664
CJ.1.3.2,1.2890697717666626
CK.1,57.231082916259766
CK.1.1.1,1.2978887557983398
CK.1.1.2,1.2836958169937134
CK.1.2,63.20086669921875
CK.1.3,67.0302963256836
CK.1.4,63.920833587646484
CK.1.5,61.04481506347656
CK.2,51.98160171508789
CK.2.1,57.47634506225586
CK.2.1.1,57.477848052978516
CK.3,54.196250915527344
CL.1,63.27121353149414
CL.1.1,62.2555046081543
CL.1.2,64.7769546508789
CL.1.3,52.36155700683594
CM.1,46.634178161621094
CM.10,65.9844741821289
CM.11,57.07109451293945
CM.12,62.752235412597656
CM.2,49.991214752197266
CM.2.1,1.2823011875152588
CM.3,51.526161193847656
CM.4,46.669677734375
CM.4.1,52.40290832519531
CM.5,48.69807815551758
CM.5.1,48.02475357055664
CM.5.2,54.73697280883789
CM.6,46.770511627197266
CM.6.1,51.54741668701172
CM.7,55.76957702636719
CM.7.1,46.1417121887207
CM.7.1.1,1.294628620147705
CM.8,54.822566986083984
CM.8.1,67.05036163330078
CM.8.1.2,76.24063873291016
CM.8.1.3,61.44767379760742
CM.8.1.4,61.7313346862793
CM.8.1.5,2.1954891681671143
CM.9,51.023048400878906
CN.1,51.931861877441406
CN.2,51.225379943847656
CP.1,51.751747131347656
CP.1.1,57.826839447021484
CP.1.2,51.34365463256836
CP.1.3,47.78173065185547
CP.2,52.253963470458984
CP.3,52.903343200683594
CP.4,57.68539047241211
CP.5,52.77933120727539
CP.6,46.65957260131836
CP.8,52.21406173706055
CQ.1,54.360530853271484
CQ.1.1,53.416805267333984
CQ.2,57.797569274902344
CR.1,52.449668884277344
CR.1.1,56.944339752197266
CR.1.3,45.69284439086914
CR.2,45.581512451171875
CS.1,41.145172119140625
CT.1,47.211029052734375
CV.1,51.995601654052734
CV.2,50.4559326171875
CY.1,53.3207893371582
CZ.2,58.74882125854492
DA.1,44.82658767700195
DB.1,59.50727844238281
DB.2,52.085166931152344
DC.1,45.31867599487305
DD.1,41.63311767578125
DE.1,26.473752975463867
DE.2,51.9892578125
DF.1,56.4838981628418
DF.1.1,62.70682907104492
DG.1,57.40971374511719
DJ.1,46.692806243896484
DJ.1.1,59.69376754760742
DJ.1.1.1,59.30863952636719
DJ.1.2,56.11212921142578
DJ.1.3,57.2420654296875
DK.1,60.079952239990234
DL.1,56.121437072753906
DM.1,59.28123092651367
DN.1,70.15274810791016
DN.1.1,66.22689819335938
DN.1.1.2,64.05890655517578
DN.1.1.4,1.282594919204712
DN.2,58.37433624267578
DN.3,59.34148406982422
DN.3.1,63.50741958618164
DQ.1,58.04336929321289
DR.1,64.9612045288086
DR.2,67.07687377929688
DS.1,71.76522064208984
DS.2,67.14305114746094
DS.3,56.208717346191406
DT.1,72.66657257080078
DT.2,70.47867584228516
DT.3,68.43070220947266
DU.1,74.45301055908203
DV.1,81.03860473632812
DV.1.1,84.8025131225586
DV.2,79.16993713378906
DV.3,79.77239990234375
DV.3.1,66.60729217529297
DV.4,78.14562225341797
DV.5,90.91703796386719
DV.6,80.59246826171875
DV.6.1,4.478309631347656
DV.6.2,92.02615356445312
DV.7,90.42730712890625
DV.7.1,104.57617950439453
DV.7.1.1,111.3561782836914
DV.7.1.2,103.25492095947266
DV.7.1.3,3.4410266876220703
DV.7.2,1.2830092906951904
DV.8,4.520408630371094
DW.1,1.2836209535598755
DY.1,62.53882598876953
DY.2,66.02397155761719
DY.3,64.99394226074219
DY.4,65.27445220947266
DZ.1,60.903663635253906
DZ.2,1.2836209535598755
EA.1,76.66119384765625
EA.2,57.40415954589844
EB.1,53.84614944458008
EC.1,72.11890411376953
EC.1.1,5.490971088409424
ED.1,63.3425178527832
ED.2,59.89856719970703
ED.3,65.00929260253906
EE.1,58.665863037109375
EE.2,65.38859558105469
EE.3,62.921871185302734
EE.4,76.23860168457031
EE.5,60.16078186035156
EF.1,64.61279296875
EF.1.1,68.74230194091797
EF.1.1.1,76.75153350830078
EF.1.2,63.1036491394043
EF.1.3,68.53035736083984
EF.2,72.44566345214844
EF.3,68.16314697265625
EG.1,90.4388656616211
EG.1.1,1.2828236818313599
EG.1.2,87.65483856201172
EG.1.3,89.5020751953125
EG.1.4,90.2640380859375
EG.1.4.1,5.189004421234131
EG.1.5,93.08525848388672
EG.1.6,90.73336791992188
EG.1.7,87.88766479492188
EG.1.8,93.17222595214844
EG.10,90.92960357666016
EG.10.1,104.68114471435547
EG.11,94.42622375488281
EG.12,91.7393569946289
EG.13,84.83554077148438
EG.14,90.80781555175781
EG.2,92.6133041381836
EG.2.1,1.3050481081008911
EG.2.2,1.499729871749878
EG.2.3,3.8949828147888184
EG.2.4,1.2939225435256958
EG.2.5,3.213554620742798
EG.3,4.192885875701904
EG.4,87.4637222290039
EG.4.1,77.91624450683594
EG.4.3,87.53134155273438
EG.4.4,11.9508695602417
EG.4.5,95.61434173583984
EG.5,103.01508331298828
EG.5.1,102.21298217773438
EG.5.1.1,103.70533752441406
EG.5.1.10,3.634305715560913
EG.5.1.2,99.10967254638672
EG.5.1.3,102.19287872314453
EG.5.1.4,102.51937866210938
EG.5.1.5,99.12870788574219
EG.5.1.6,106.8343276977539
EG.5.1.7,105.55918884277344
EG.5.1.8,112.79508209228516
EG.5.1.9,101.32872772216797
EG.5.2,95.11007690429688
EG.5.2.1,96.68828582763672
EG.5.2.2,96.0620346069336
EG.5.2.3,96.71659851074219
EG.6,90.2117919921875
EG.6.1,98.45594024658203
EG.6.1.1,108.66185760498047
EG.7,95.61933135986328
EG.8,89.74432373046875
EG.9,2.280809164047241
EG.9.1,94.21102142333984
EH.1,67.05754852294922
EJ.1,59.153324127197266
EJ.2,54.59263229370117
EJ.3,1.2823286056518555
EK.1,1.2819730043411255
EK.2,81.33283996582031
EK.2.1,83.26628112792969
EK.3,75.46906280517578
EK.4,83.11396789550781
EL.1,87.77700805664062
EM.1,84.90684509277344
EN.1,82.92695617675781
EN.1.1,2.7310616970062256
EP.1,1.2830339670181274
EP.1.1,1.2827632427215576
EP.2,3.1685245037078857
EQ.1,45.13851547241211
ER.1,1.2821964025497437
ER.1.1,1.2820736169815063
ES.1,76.58851623535156
ET.1,3.405710220336914
EU.1,85.0208511352539
EU.1.1,89.74913024902344
EU.1.1.1,88.85562133789062
EU.1.1.2,1.2983620166778564
EU.1.1.3,92.3673324584961
EW.1,1.2819664478302002
EW.2,66.42015838623047
EW.3,1.281954050064087
EY.1,80.18960571289062
EZ.1,83.29646301269531
FA.1,69.21595001220703
FA.2,1.283422827720642
FB.1,83.30970764160156
FB.2,69.63777923583984
FC.1,76.67367553710938
FD.1,5.349936485290527
FD.1.1,94.61041259765625
FD.2,79.73564147949219
FD.2.1,1.3204395771026611
FD.3,79.79100799560547
FD.4,84.16995239257812
FD.4.1,80.0441665649414
FE.1,91.8268814086914
FE.1.1,91.54402923583984
FE.1.1.1,92.76805877685547
FE.1.1.2,89.70053100585938
FE.1.1.3,1.2832844257354736
FE.1.1.4,90.54292297363281
FE.1.2,92.43306732177734
FG.1,87.01593780517578
FG.2,83.20337677001953
FG.3,85.12770080566406
FH.1,82.54183959960938
FJ.1,72.3045654296875
FK.1,88.9096908569336
FK.1.1,92.314453125
FK.1.1.2,93.51312255859375
FK.1.2.1,85.2833251953125
FK.1.2.2,84.70948791503906
FK.1.3,88.4791259765625
FK.1.3.1,1.3240612745285034
FK.1.3.2,90.4913101196289
FK.1.4.1,1.2994908094406128
FK.1.5,88.66365814208984
FL.1,90.97904968261719
FL.1.1,88.79055786132812
FL.1.2,6.7524590492248535
FL.1.3,91.03598022460938
FL.1.4,89.92741394042969
FL.1.5,97.87818145751953
FL.1.5.1,104.23941040039062
FL.1.5.2,115.77044677734375
FL.1.6,94.16556549072266
FL.1.7,1.3064297437667847
FL.10,87.4405517578125
FL.10.1,98.62501525878906
FL.10.2,99.0320053100586
FL.10.3,92.06893920898438
FL.11,90.17361450195312
FL.12,86.66254425048828
FL.13,91.41004943847656
FL.13.1,2.9746875762939453
FL.13.2,99.41374206542969
FL.13.3,86.51048278808594
FL.14,90.09963989257812
FL.15,97.13490295410156
FL.15.1,1.4189326763153076
FL.15.1.1,116.8427505493164
FL.15.2,1.2837252616882324
FL.15.3,100.07437133789062
FL.16,99.48783874511719
FL.17,85.67169189453125
FL.17.2,90.23419952392578
FL.18,87.94242858886719
FL.18.1,89.22171020507812
FL.18.1.1,6.87872838973999
FL.19,6.109583377838135
FL.19.1,99.08314514160156
FL.2,88.04652404785156
FL.2.1,87.51837158203125
FL.2.2,88.16732025146484
FL.2.2.1,90.59271240234375
FL.2.3,92.89215087890625
FL.2.3.1,96.72943115234375
FL.2.4,92.40955352783203
FL.2.5,94.93177032470703
FL.2.6,93.10057067871094
FL.20,103.67330169677734
FL.20.1,104.3778076171875
FL.20.2,107.77312469482422
FL.21,94.5961685180664
FL.21.1,92.00193786621094
FL.21.2,91.22770690917969
FL.22,88.7500991821289
FL.23,89.11980438232422
FL.23.1,88.5640640258789
FL.24,99.43338775634766
FL.25,94.83993530273438
FL.26,84.64252471923828
FL.26.1,6.177464962005615
FL.27,84.47758483886719
FL.28,93.58258056640625
FL.29,100.0502700805664
FL.3,88.89641571044922
FL.3.1,88.34394073486328
FL.3.2,88.71429443359375
FL.3.3,84.68693542480469
FL.30,4.160239219665527
FL.31,89.5786361694336
FL.31.1,102.48607635498047
FL.32,93.75935363769531
FL.32.1,100.7132797241211
FL.33,88.35124969482422
FL.33.1,10.404536247253418
FL.34,97.33841705322266
FL.35,90.02017211914062
FL.36,116.15483856201172
FL.4,88.58152770996094
FL.4.1,86.1043701171875
FL.4.1.1,1.318932294845581
FL.4.10,2.138784408569336
FL.4.11,89.87955474853516
FL.4.2,93.33074188232422
FL.4.3,88.73499298095703
FL.4.4,1.3141969442367554
FL.4.5,89.5050048828125
FL.4.6,90.49545288085938
FL.4.7,1.2828634977340698
FL.4.8,93.4011459350586
FL.4.9,91.86161041259766
FL.5,87.80927276611328
FL.5.1,88.73856353759766
FL.6,86.18267822265625
FL.7,91.1088638305664
FL.8,85.89167022705078
FL.9,90.01078796386719
FM.1,72.03953552246094
FM.2,73.4850845336914
FP.1,1.283255934715271
FP.2,4.336038589477539
FP.2.1,91.06907653808594
FP.2.1.1,94.82443237304688
FP.3,1.2827228307724
FP.4,87.42469787597656
FQ.1,1.3057212829589844
FR.1,81.53147888183594
FR.1.1,89.34718322753906
FR.1.2,2.471804141998291
FR.1.3,90.74769592285156
FR.1.4,3.3784406185150146
FR.1.5,1.4012258052825928
FR.2,3.1506388187408447
FS.1,1.320432424545288
FT.1,82.10980987548828
FT.2,88.76663970947266
FT.3,85.17051696777344
FT.3.1,95.20048522949219
FT.3.1.1,99.16517639160156
FT.4,1.2819472551345825
FU.1,94.3552017211914
FU.2,98.28649139404297
FU.2.1,96.82499694824219
FU.3,87.91512298583984
FU.3.1,1.2836495637893677
FU.4,88.54711151123047
FU.5,96.16944122314453
FV.1,89.53169250488281
FW.1,100.85013580322266
FW.1.1,115.85143280029297
FW.2,1.3111979961395264
FW.3,1.2833304405212402
FY.1,94.4943618774414
FY.1.1,91.01708221435547
FY.1.2,100.52405548095703
FY.2,93.30855560302734
FY.2.1,94.2147445678711
FY.3,94.2815933227539
FY.3.1,94.34170532226562
FY.3.2,94.97360229492188
FY.3.3,95.52332305908203
FY.4,1.953143835067749
FY.4.1,95.10111999511719
FY.4.1.1,97.5912094116211
FY.4.1.2,95.46427917480469
FY.4.2,96.33019256591797
FY.5,104.35311126708984
FY.6,95.01309967041016
FY.7,1.389518141746521
FZ.1,1.323088526725769
FZ.1.1,-1.4470585584640503
FZ.2,80.94261169433594
GA.1,84.8949203491211
GA.2,87.4735107421875
GA.3,84.49244689941406
GA.4,97.52975463867188
GA.4.1,107.10308074951172
GA.4.1.1,1.312420129776001
GA.5,86.80238342285156
GA.6,83.82184600830078
GA.6.1,87.55133819580078
GB.1,91.92647552490234
GB.2,2.438830852508545
GC.1,82.06179809570312
GC.2,77.88304901123047
GD.1,93.67347717285156
GD.2,75.20793151855469
GE.1,100.94966125488281
GE.1.1,102.37793731689453
GE.1.2,126.96926879882812
GE.1.3,99.49918365478516
GF.1,90.90018463134766
GG.1,87.685302734375
GH.1,87.25370025634766
GJ.1,95.66223907470703
GJ.1.1,94.14179229736328
GJ.1.2,97.82608795166016
GJ.1.2.1,108.76956939697266
GJ.1.2.2,106.71809387207031
GJ.1.2.4,100.59205627441406
GJ.1.2.5,97.76986694335938
GJ.1.2.6,108.54869842529297
GJ.1.2.7,106.45094299316406
GJ.1.2.8,101.22471618652344
GJ.2,91.67491149902344
GJ.3,90.30937957763672
GJ.4,96.27600860595703
GJ.5,100.35902404785156
GJ.5.1,101.85289764404297
GK.1,106.23760986328125
GK.1.1,106.8895492553711
GK.1.2,98.34925079345703
GK.1.3,107.7084732055664
GK.1.4,111.27572631835938
GK.2,101.69269561767578
GK.2.1,104.99188232421875
GK.2.1.1,100.05064392089844
GK.2.2,94.81437683105469
GK.2.3,106.14692687988281
GK.3,93.36065673828125
GK.3.1,102.859375
GK.3.2,97.7691650390625
GK.4,105.23490905761719
GL.1,96.77921295166016
GM.1,2.343980312347412
GM.3,91.21016693115234
GM.3.1,2.648127317428589
GN.1,99.17738342285156
GN.1.1,102.45723724365234
GN.2,12.77967643737793
GN.3,90.67613983154297
GN.4,91.29327392578125
GN.5,2.2404258251190186
GP.1,2.9909260272979736
GP.2,76.26512145996094
GP.3,72.13310241699219
GQ.1,3.6335291862487793
GR.1,89.41862487792969
GS.1,100.62610626220703
GS.2,101.32565307617188
GS.3,100.4674072265625
GS.4,105.73793029785156
GS.4.1,111.32543182373047
GS.5,2.2559592723846436
GT.1,1.2985963821411133
GU.1,86.84095001220703
GV.1,95.34032440185547
GW.1,7.914818286895752
GW.1.1,1.3069812059402466
GW.2,84.38954162597656
GW.3,5.075464248657227
GW.4,85.31697845458984
GW.5,107.94425201416016
GW.5.1,99.61837768554688
GW.5.1.1,119.58812713623047
GY.1,98.47822570800781
GY.2.1,92.24179077148438
GY.3,1.9477322101593018
GY.5,93.66690063476562
GY.6,93.1525650024414
GY.7,96.55157470703125
GY.8,101.23782348632812
GZ.1,96.17603302001953
HA.1,95.33345794677734
HA.2,94.03860473632812
HB.1,95.25593566894531
HC.1,87.48905181884766
HC.2,101.5673599243164
HC.3,97.9827651977539
HC.4,5.991556644439697
HD.1,13.762924194335938
HD.1.1,12.518362045288086
HE.1,92.92969512939453
HF.1,103.39354705810547
HF.1.1,105.51158905029297
HF.1.2,101.70751953125
HG.1,96.19925689697266
HG.2,99.30058288574219
HH.1,94.31324768066406
HH.1.1,95.1292495727539
HH.2,94.01506805419922
HJ.1,82.21031951904297
HK.1,112.38854217529297
HK.11,107.20336151123047
HK.2,112.2322769165039
HK.3,112.5905990600586
HK.3.1,114.66358184814453
HK.3.2,117.82100677490234
HK.3.3,113.46941375732422
HK.4,100.24786376953125
HK.5,100.30756378173828
HK.6,107.09626007080078
HK.7,100.07156372070312
HK.8,114.63542938232422
HK.9,101.36087036132812
HL.1,91.74894714355469
HN.1,104.28553009033203
HP.1,87.63748931884766
HP.1.1,97.67369842529297
HQ.1,92.08611297607422
HR.1,98.71497344970703
HS.1,94.14974975585938
HS.1.1,98.47332763671875
HT.1,86.35457611083984
HT.2,87.75962829589844
HU.1,1.8749618530273438
HU.1.1,95.4024429321289
HU.2,96.18380737304688
HV.1,112.5946273803711
HW.1,91.28018188476562
HW.1.1,97.0772476196289
HY.1,97.78195190429688
HZ.1,97.93279266357422
HZ.2,92.83152770996094
HZ.3,85.6028823852539
JA.1,98.58291625976562
JB.2,2.46307110786438
JB.2.1,1.2925910949707031
JC.1,103.22996520996094
JD.1,110.38232421875
JD.1.1,115.17598724365234
JD.1.1.1,118.8311996459961
JD.1.1.2,115.54052734375
JD.1.1.3,118.68971252441406
JD.1.2,102.95977783203125
JD.2,89.69972229003906
JE.1,111.9590835571289
JE.1.1,116.10881805419922
JF.1,111.13909912109375
JF.2,99.53143310546875
JG.1,108.3231201171875
JG.2,105.89027404785156
JG.3,118.8921127319336
JH.1,93.95428466796875
JH.2,98.95269775390625
JJ.1,111.0910415649414
JK.1,83.19813537597656
JL.1,94.75975036621094
JM.1,113.87622833251953
JM.2,105.0317153930664
JN.1,135.46517944335938
JN.1 (consensus call),139.68197631835938
JN.1.1,127.85908508300781
JN.1.1 (consensus call),129.3343048095703
JN.1.1.1,135.2387237548828
JN.1.1.1 (consensus call),141.796875
JN.1.1.10,125.63186645507812
JN.1.1.10 (consensus call),122.567626953125
JN.1.1.2,7.905203342437744
JN.1.1.2 (consensus call),3.747943878173828
JN.1.1.3,135.80459594726562
JN.1.1.3 (consensus call),144.57949829101562
JN.1.1.4,129.22792053222656
JN.1.1.4 (consensus call),133.64195251464844
JN.1.1.5,137.65182495117188
JN.1.1.5 (consensus call),141.29481506347656
JN.1.1.6,143.12161254882812
JN.1.1.6 (consensus call),145.197021484375
JN.1.1.7,129.55580139160156
JN.1.1.7 (consensus call),127.73109436035156
JN.1.1.8,1.284021019935608
JN.1.1.8 (consensus call),149.00892639160156
JN.1.1.9,1.2920691967010498
JN.1.1.9 (consensus call),1.3017793893814087
JN.1.10,145.54637145996094
JN.1.10 (consensus call),155.44393920898438
JN.1.11,154.8549041748047
JN.1.11 (consensus call),158.53358459472656
JN.1.11.1,147.0244903564453
JN.1.11.1 (consensus call),152.40074157714844
JN.1.11.2,3.314490795135498
JN.1.11.2 (consensus call),157.46629333496094
JN.1.12,1.2839326858520508
JN.1.12 (consensus call),3.27974796295166
JN.1.13,139.95858764648438
JN.1.13 (consensus call),148.42022705078125
JN.1.13.1,141.0426025390625
JN.1.13.1 (consensus call),144.66363525390625
JN.1.14,137.2817840576172
JN.1.14 (consensus call),140.5484619140625
JN.1.15,140.00076293945312
JN.1.15 (consensus call),149.27056884765625
JN.1.15.1 (consensus call),1.4372339248657227
JN.1.16,149.15013122558594
JN.1.16 (consensus call),157.41566467285156
JN.1.16.1,154.1204071044922
JN.1.16.1 (consensus call),157.76995849609375
JN.1.16.2,1.284021019935608
JN.1.16.2 (consensus call),1.3431901931762695
JN.1.16.3,156.5061492919922
JN.1.16.3 (consensus call),159.14004516601562
JN.1.16.5,1.3841978311538696
JN.1.16.5 (consensus call),180.30906677246094
JN.1.17,133.23992919921875
JN.1.17 (consensus call),140.1580047607422
JN.1.18,141.21641540527344
JN.1.18 (consensus call),147.7568359375
JN.1.18.1,1.3577617406845093
JN.1.18.1 (consensus call),146.277587890625
JN.1.18.2,6.695719242095947
JN.1.18.2 (consensus call),149.97389221191406
JN.1.18.3,2.192373514175415
JN.1.18.3 (consensus call),150.3811798095703
JN.1.18.4,1.2917141914367676
JN.1.18.4 (consensus call),150.37872314453125
JN.1.18.5,145.02069091796875
JN.1.18.5 (consensus call),151.59861755371094
JN.1.18.6,162.80699157714844
JN.1.18.6 (consensus call),163.66256713867188
JN.1.19,132.56973266601562
JN.1.19 (consensus call),136.79107666015625
JN.1.2,129.3221435546875
JN.1.2 (consensus call),136.20559692382812
JN.1.2.1,1.2921433448791504
JN.1.2.1 (consensus call),1.3030216693878174
JN.1.20,141.022216796875
JN.1.20 (consensus call),148.52403259277344
JN.1.21,133.50938415527344
JN.1.21 (consensus call),139.90084838867188
JN.1.22,133.18373107910156
JN.1.22 (consensus call),137.04995727539062
JN.1.23,2.865100622177124
JN.1.23 (consensus call),147.00059509277344
JN.1.23.1 (consensus call),1.3109246492385864
JN.1.24,128.28384399414062
JN.1.24 (consensus call),132.6593475341797
JN.1.24.1,143.39012145996094
JN.1.24.1 (consensus call),147.0993194580078
JN.1.25,1.338149070739746
JN.1.25 (consensus call),1.8216205835342407
JN.1.25.1,1.385369896888733
JN.1.25.1 (consensus call),3.026031970977783
JN.1.26,135.84323120117188
JN.1.26 (consensus call),148.08030700683594
JN.1.27,135.52027893066406
JN.1.27 (consensus call),137.65211486816406
JN.1.28,6.559956073760986
JN.1.28 (consensus call),143.60726928710938
JN.1.28.1,1.36307954788208
JN.1.28.1 (consensus call),5.100790977478027
JN.1.29,131.2647705078125
JN.1.29 (consensus call),138.93600463867188
JN.1.29.1,1.2916784286499023
JN.1.29.1 (consensus call),1.4528063535690308
JN.1.3,139.28860473632812
JN.1.3 (consensus call),152.94610595703125
JN.1.30,135.7270050048828
JN.1.30 (consensus call),147.39247131347656
JN.1.30.1,1.3133230209350586
JN.1.30.1 (consensus call),143.966064453125
JN.1.31,131.86627197265625
JN.1.31 (consensus call),134.5401611328125
JN.1.32,140.68016052246094
JN.1.32 (consensus call),145.15908813476562
JN.1.32.1,1.3499972820281982
JN.1.32.1 (consensus call),146.8914031982422
JN.1.33 (consensus call),3.104318857192993
JN.1.34,138.59591674804688
JN.1.34 (consensus call),146.47418212890625
JN.1.35,1.3371537923812866
JN.1.35 (consensus call),1.512681245803833
JN.1.36,1.291839838027954
JN.1.36 (consensus call),2.5856175422668457
JN.1.37,141.41551208496094
JN.1.37 (consensus call),151.87374877929688
JN.1.38,133.0337677001953
JN.1.38 (consensus call),137.85430908203125
JN.1.38.1 (consensus call),130.0636749267578
JN.1.39,133.83425903320312
JN.1.39 (consensus call),138.8477325439453
JN.1.39.1,1.2841520309448242
JN.1.39.1 (consensus call),3.970411777496338
JN.1.39.2,1.3013120889663696
JN.1.39.2 (consensus call),1.393709421157837
JN.1.39.3,4.125770568847656
JN.1.39.3 (consensus call),142.8709716796875
JN.1.4,133.45423889160156
JN.1.4 (consensus call),137.4040069580078
JN.1.4.1,134.35166931152344
JN.1.4.1 (consensus call),136.54031372070312
JN.1.4.2,135.46022033691406
JN.1.4.2 (consensus call),138.41905212402344
JN.1.4.3,141.70449829101562
JN.1.4.3 (consensus call),143.9777374267578
JN.1.4.4,143.35455322265625
JN.1.4.4 (consensus call),146.38877868652344
JN.1.4.5,132.816162109375
JN.1.4.5 (consensus call),136.3834991455078
JN.1.4.6,139.16920471191406
JN.1.4.6 (consensus call),143.61279296875
JN.1.4.7,134.9390869140625
JN.1.4.7 (consensus call),138.49021911621094
JN.1.4.8,140.57464599609375
JN.1.4.8 (consensus call),146.64710998535156
JN.1.4.9 (consensus call),138.03602600097656
JN.1.40,152.85943603515625
JN.1.40 (consensus call),161.68077087402344
JN.1.41,131.15469360351562
JN.1.41 (consensus call),130.5868682861328
JN.1.42,134.4175262451172
JN.1.42 (consensus call),138.375244140625
JN.1.42.1,133.7616729736328
JN.1.42.1 (consensus call),5.868554592132568
JN.1.42.2,4.347965717315674
JN.1.42.2 (consensus call),147.52072143554688
JN.1.43,131.5623779296875
JN.1.43 (consensus call),135.24110412597656
JN.1.43.1,135.80003356933594
JN.1.43.1 (consensus call),139.4933624267578
JN.1.44,9.156844139099121
JN.1.44 (consensus call),133.38230895996094
JN.1.44.1,1.2840087413787842
JN.1.44.1 (consensus call),1.300304651260376
JN.1.45,133.09628295898438
JN.1.45 (consensus call),135.63412475585938
JN.1.46,132.7105255126953
JN.1.46 (consensus call),136.53993225097656
JN.1.47,132.45956420898438
JN.1.47 (consensus call),133.86178588867188
JN.1.47.1,137.25262451171875
JN.1.47.1 (consensus call),1.9277324676513672
JN.1.47.2,134.5475616455078
JN.1.47.2 (consensus call),134.92782592773438
JN.1.48,3.1188859939575195
JN.1.48 (consensus call),150.69386291503906
JN.1.48.1,1.4244778156280518
JN.1.48.1 (consensus call),151.27017211914062
JN.1.48.2 (consensus call),1.3828001022338867
JN.1.48.3,1.3547064065933228
JN.1.48.3 (consensus call),154.91122436523438
JN.1.49,134.24276733398438
JN.1.49 (consensus call),144.76504516601562
JN.1.49.1,137.6802215576172
JN.1.49.1 (consensus call),156.13815307617188
JN.1.49.2 (consensus call),1.3216054439544678
JN.1.5,135.30809020996094
JN.1.5 (consensus call),139.31765747070312
JN.1.50,1.3002686500549316
JN.1.50 (consensus call),152.76300048828125
JN.1.50.1,1.300333857536316
JN.1.50.1 (consensus call),152.1175537109375
JN.1.50.2 (consensus call),152.785400390625
JN.1.51,132.7845916748047
JN.1.51 (consensus call),138.6596221923828
JN.1.51.1,1.3002830743789673
JN.1.51.1 (consensus call),154.36302185058594
JN.1.52,134.2599334716797
JN.1.52 (consensus call),144.59495544433594
JN.1.53,136.90951538085938
JN.1.53 (consensus call),146.31581115722656
JN.1.53.1,137.06988525390625
JN.1.53.1 (consensus call),138.41363525390625
JN.1.54,133.87689208984375
JN.1.54 (consensus call),145.07882690429688
JN.1.54.1,1.284167766571045
JN.1.55,132.32485961914062
JN.1.55 (consensus call),141.66749572753906
JN.1.55.1 (consensus call),1.2841788530349731
JN.1.55.2,1.300253987312317
JN.1.55.2 (consensus call),1.312985897064209
JN.1.56,135.12887573242188
JN.1.56 (consensus call),149.26431274414062
JN.1.57,134.635986328125
JN.1.57 (consensus call),137.7601776123047
JN.1.57.1,1.2840087413787842
JN.1.57.1 (consensus call),1.314009666442871
JN.1.58,134.4293212890625
JN.1.58 (consensus call),142.61630249023438
JN.1.58.2,1.2839875221252441
JN.1.58.2 (consensus call),1.3105257749557495
JN.1.58.3 (consensus call),1.2919188737869263
JN.1.59,134.42361450195312
JN.1.59 (consensus call),145.54820251464844
JN.1.59.1 (consensus call),1.3002057075500488
JN.1.6,132.1623992919922
JN.1.6 (consensus call),137.3675079345703
JN.1.6.1,136.3258514404297
JN.1.6.1 (consensus call),140.85108947753906
JN.1.60,135.52622985839844
JN.1.60 (consensus call),146.56076049804688
JN.1.61,9.964693069458008
JN.1.61 (consensus call),150.63063049316406
JN.1.62 (consensus call),1.3101388216018677
JN.1.63,135.1622772216797
JN.1.63 (consensus call),147.55958557128906
JN.1.63.1,1.3029338121414185
JN.1.63.1 (consensus call),1.316693663597107
JN.1.64,133.8100128173828
JN.1.64 (consensus call),138.71514892578125
JN.1.64.1,1.391676902770996
JN.1.64.1 (consensus call),1.4657787084579468
JN.1.65 (consensus call),1.3743700981140137
JN.1.65.1,1.291724681854248
JN.1.65.1 (consensus call),153.0390625
JN.1.67,4.335921764373779
JN.1.67 (consensus call),9.734345436096191
JN.1.67.1,1.2917436361312866
JN.1.67.1 (consensus call),1.3009419441223145
JN.1.68,135.67860412597656
JN.1.68 (consensus call),134.2877655029297
JN.1.68.1,1.2918192148208618
JN.1.68.1 (consensus call),1.302484393119812
JN.1.69,135.007080078125
JN.1.69 (consensus call),130.86602783203125
JN.1.7,141.17030334472656
JN.1.7 (consensus call),144.3264923095703
JN.1.7.1,1.3110179901123047
JN.1.7.1 (consensus call),148.43226623535156
JN.1.7.2,140.75717163085938
JN.1.7.2 (consensus call),143.31781005859375
JN.1.7.3,143.49462890625
JN.1.7.3 (consensus call),150.14886474609375
JN.1.7.4,1.8692383766174316
JN.1.7.4 (consensus call),153.1069793701172
JN.1.7.5,137.99012756347656
JN.1.7.5 (consensus call),142.52935791015625
JN.1.7.6 (consensus call),1.28429114818573
JN.1.7.7,1.3019285202026367
JN.1.7.7 (consensus call),1.3005644083023071
JN.1.7.8,1.372145414352417
JN.1.7.8 (consensus call),154.33908081054688
JN.1.7.9 (consensus call),1.3002229928970337
JN.1.8,148.66477966308594
JN.1.8 (consensus call),157.6409912109375
JN.1.8.1,138.0206756591797
JN.1.8.1 (consensus call),143.1475372314453
JN.1.8.2,5.165929794311523
JN.1.8.2 (consensus call),6.414697170257568
JN.1.8.3,137.30776977539062
JN.1.8.3 (consensus call),139.84828186035156
JN.1.9,132.5885467529297
JN.1.9 (consensus call),142.4283447265625
JN.1.9.1,1.2918378114700317
JN.1.9.1 (consensus call),1.4165077209472656
JN.1.9.2,3.21052885055542
JN.1.9.2 (consensus call),156.34884643554688
JN.10,125.45826721191406
JN.10 (consensus call),135.53164672851562
JN.11,141.62184143066406
JN.11 (consensus call),159.67213439941406
JN.13,124.18506622314453
JN.13 (consensus call),123.86094665527344
JN.13.1,1.2921359539031982
JN.13.1 (consensus call),137.49127197265625
JN.14,1.303024172782898
JN.14 (consensus call),1.317769169807434
JN.15,1.291883945465088
JN.16,1.292116641998291
JN.16 (consensus call),1.291874647140503
JN.17,1.283795714378357
JN.17 (consensus call),1.3015738725662231
JN.18,119.73258209228516
JN.18 (consensus call),120.0450210571289
JN.19 (consensus call),1.291811466217041
JN.2,119.48080444335938
JN.2 (consensus call),1.321916937828064
JN.2.1,1.3537520170211792
JN.2.1 (consensus call),1.3176641464233398
JN.2.2,1.2920225858688354
JN.2.2 (consensus call),1.3124030828475952
JN.2.3,1.3034099340438843
JN.2.4,1.2839653491973877
JN.2.5,2.557614803314209
JN.2.5 (consensus call),135.27381896972656
JN.3,118.76483154296875
JN.3 (consensus call),1.2918095588684082
JN.3.2 (consensus call),1.2839250564575195
JN.3.2.1,1.2839325666427612
JN.3.2.1 (consensus call),1.3025718927383423
JN.3.3,1.3042123317718506
JN.3.3 (consensus call),123.90850067138672
JN.4,119.77350616455078
JN.4 (consensus call),134.75753784179688
JN.5,113.74498748779297
JN.5 (consensus call),135.22836303710938
JN.6,116.51900482177734
JN.6 (consensus call),131.29615783691406
JN.7,1.2922617197036743
JN.7 (consensus call),1.2839561700820923
JN.8,1.2839330434799194
JN.9,4.605049133300781
JN.9 (consensus call),141.41416931152344
JP.1,1.2838166952133179
JQ.1,118.65287017822266
JQ.2.1 (consensus call),1.2917139530181885
JQ.2.1.1,1.2916960716247559
JQ.2.1.1 (consensus call),1.3384408950805664
KP.1,151.8752899169922
KP.1 (consensus call),150.15382385253906
KP.1.1,149.82330322265625
KP.1.1 (consensus call),151.30172729492188
KP.1.1.1,150.79547119140625
KP.1.1.1 (consensus call),152.59329223632812
KP.1.1.2 (consensus call),1.311723232269287
KP.1.1.3,155.2952880859375
KP.1.1.3 (consensus call),157.12283325195312
KP.1.1.5,156.43630981445312
KP.1.1.5 (consensus call),156.01632690429688
KP.1.2,149.4253387451172
KP.1.2 (consensus call),150.11065673828125
KP.2,149.8465118408203
KP.2 (consensus call),151.94432067871094
KP.2.1,1.3689910173416138
KP.2.1 (consensus call),151.4093475341797
KP.2.10,1.4901032447814941
KP.2.10 (consensus call),155.66275024414062
KP.2.11,1.291687250137329
KP.2.11 (consensus call),152.45156860351562
KP.2.12,1.291823387145996
KP.2.12 (consensus call),1.300203561782837
KP.2.13 (consensus call),1.291690707206726
KP.2.14,154.69683837890625
KP.2.14 (consensus call),156.6213836669922
KP.2.15,154.2338104248047
KP.2.15 (consensus call),154.5659637451172
KP.2.15.1,1.2919868230819702
KP.2.15.1 (consensus call),1.2844191789627075
KP.2.16,1.3957058191299438
KP.2.16 (consensus call),150.87698364257812
KP.2.18 (consensus call),1.406487226486206
KP.2.19,1.2843959331512451
KP.2.19 (consensus call),1.3446935415267944
KP.2.2,152.2554931640625
KP.2.2 (consensus call),153.49893188476562
KP.2.2.1 (consensus call),1.2924762964248657
KP.2.25 (consensus call),1.2840776443481445
KP.2.25.1 (consensus call),1.2849674224853516
KP.2.27 (consensus call),1.2917364835739136
KP.2.28 (consensus call),1.28438138961792
KP.2.28.1 (consensus call),1.3681914806365967
KP.2.3,153.87794494628906
KP.2.3 (consensus call),155.13851928710938
KP.2.3.1,1.300238013267517
KP.2.3.1 (consensus call),153.80087280273438
KP.2.3.10,155.20156860351562
KP.2.3.10 (consensus call),156.0945281982422
KP.2.3.11 (consensus call),1.284345030784607
KP.2.3.12 (consensus call),1.3911246061325073
KP.2.3.13 (consensus call),1.2918074131011963
KP.2.3.14 (consensus call),1.2917907238006592
KP.2.3.15 (consensus call),1.322266936302185
KP.2.3.2,3.3316383361816406
KP.2.3.2 (consensus call),154.73658752441406
KP.2.3.3,155.28367614746094
KP.2.3.3 (consensus call),155.71356201171875
KP.2.3.4,1.4575917720794678
KP.2.3.4 (consensus call),159.19705200195312
KP.2.3.5 (consensus call),1.284307837486267
KP.2.3.6 (consensus call),1.3436293601989746
KP.2.3.8,1.3095176219940186
KP.2.3.8 (consensus call),155.3760223388672
KP.2.3.9,1.2843070030212402
KP.2.3.9 (consensus call),1.2843070030212402
KP.2.4 (consensus call),2.8421475887298584
KP.2.5,1.333980679512024
KP.2.5 (consensus call),156.05661010742188
KP.2.6,2.388803243637085
KP.2.6 (consensus call),155.7230682373047
KP.2.6.1,1.2918802499771118
KP.2.6.1 (consensus call),1.4853596687316895
KP.2.6.2 (consensus call),1.3004951477050781
KP.2.6.3 (consensus call),1.2844306230545044
KP.2.7,1.291709065437317
KP.2.7 (consensus call),150.6353759765625
KP.2.8,1.3223265409469604
KP.2.8 (consensus call),152.99212646484375
KP.2.9,152.94573974609375
KP.2.9 (consensus call),155.1659698486328
KP.3,154.52410888671875
KP.3 (consensus call),156.3812255859375
KP.3.1,156.1907501220703
KP.3.1 (consensus call),157.26121520996094
KP.3.1.1,161.1362762451172
KP.3.1.1 (consensus call),160.57357788085938
KP.3.1.10 (consensus call),1.2843090295791626
KP.3.1.12,1.2841663360595703
KP.3.1.2,1.2917144298553467
KP.3.1.2 (consensus call),154.6566619873047
KP.3.1.3,1.5633885860443115
KP.3.1.3 (consensus call),156.0386505126953
KP.3.1.4,152.56858825683594
KP.3.1.4 (consensus call),152.30751037597656
KP.3.1.5,1.284157156944275
KP.3.1.5 (consensus call),1.3533161878585815
KP.3.1.6,152.4335479736328
KP.3.1.6 (consensus call),154.69970703125
KP.3.1.7 (consensus call),1.284912109375
KP.3.1.8 (consensus call),1.3007962703704834
KP.3.1.9,1.2923661470413208
KP.3.1.9 (consensus call),1.4365549087524414
KP.3.2,152.0352020263672
KP.3.2 (consensus call),153.68246459960938
KP.3.2.1,4.07946252822876
KP.3.2.1 (consensus call),155.51373291015625
KP.3.2.2 (consensus call),3.436995029449463
KP.3.2.3,153.40505981445312
KP.3.2.3 (consensus call),154.05618286132812
KP.3.2.4,1.3747674226760864
KP.3.2.4 (consensus call),154.11318969726562
KP.3.2.5,4.767972469329834
KP.3.2.5 (consensus call),155.747314453125
KP.3.2.6 (consensus call),1.292788028717041
KP.3.2.8 (consensus call),1.2847824096679688
KP.3.2.9 (consensus call),1.3196442127227783
KP.3.3,153.48162841796875
KP.3.3 (consensus call),154.539306640625
KP.3.3.1,159.05287170410156
KP.3.3.1 (consensus call),158.66165161132812
KP.3.3.2,158.64048767089844
KP.3.3.2 (consensus call),160.9372100830078
KP.3.3.3,152.91477966308594
KP.3.3.3 (consensus call),154.4234619140625
KP.3.3.5,1.3301215171813965
KP.3.3.5 (consensus call),183.18893432617188
KP.3.4,1.33579683303833
KP.3.4 (consensus call),154.57908630371094
KP.3.4.1 (consensus call),1.2842525243759155
KP.3.5,154.73577880859375
KP.3.5 (consensus call),155.29666137695312
KP.3.6 (consensus call),1.414535641670227
KP.3.7 (consensus call),1.284361720085144
KP.4,1.3392361402511597
KP.4 (consensus call),151.59584045410156
KP.4.1,149.40164184570312
KP.4.1 (consensus call),149.872314453125
KP.4.1.1,1.2842341661453247
KP.4.1.1 (consensus call),1.3002325296401978
KP.4.1.2,1.2842782735824585
KP.4.1.2 (consensus call),152.92189025878906
KP.4.1.3,153.78353881835938
KP.4.1.3 (consensus call),154.76895141601562
KP.4.2,4.691956520080566
KP.4.2 (consensus call),151.4978790283203
KP.4.2.1,1.2916793823242188
KP.4.2.1 (consensus call),149.1600341796875
KP.4.2.2 (consensus call),1.338530421257019
KP.4.2.5 (consensus call),1.2842693328857422
KP.5,3.518097162246704
KP.5 (consensus call),151.5490264892578
KP.6,1.284002423286438
KQ.1,145.4535675048828
KQ.1 (consensus call),144.36724853515625
KR.1,149.97512817382812
KR.1 (consensus call),148.9339599609375
KR.1.1,1.3578740358352661
KR.1.1 (consensus call),150.4229736328125
KR.1.2,1.284167766571045
KR.1.2 (consensus call),1.3003987073898315
KR.1.4 (consensus call),1.2918345928192139
KR.2 (consensus call),1.2841522693634033
KR.3,1.2916792631149292
KR.3 (consensus call),1.567749261856079
KR.4 (consensus call),1.3593240976333618
KR.4.1 (consensus call),1.2842109203338623
KR.5 (consensus call),1.2916945219039917
KS.1,150.9108428955078
KS.1 (consensus call),150.63299560546875
KS.1.1,157.4215087890625
KS.1.1 (consensus call),157.4788055419922
KS.1.1.1 (consensus call),1.2925688028335571
KS.1.1.2 (consensus call),1.3096832036972046
KS.1.1.3,1.2847487926483154
KS.1.1.3 (consensus call),1.292702078819275
KS.1.3,5.872227668762207
KS.1.3 (consensus call),152.33860778808594
KS.1.4 (consensus call),1.2843016386032104
KS.2,1.284010410308838
KU.1,1.291783332824707
KU.1 (consensus call),1.3143937587738037
KU.2,1.8483349084854126
KU.2 (consensus call),149.07382202148438
KV.1,133.30661010742188
KV.1 (consensus call),4.0368733406066895
KV.2,139.5939483642578
KV.2 (consensus call),141.85450744628906
KW.1,143.94290161132812
KW.1 (consensus call),145.63255310058594
KW.1.1,149.2047119140625
KW.1.1 (consensus call),149.68751525878906
KW.1.1.1 (consensus call),1.3002077341079712
KY.1,1.3017199039459229
KY.1 (consensus call),2.6278388500213623
KZ.1,2.434150457382202
KZ.1 (consensus call),5.2314133644104
LA.1,146.9678497314453
LA.1 (consensus call),149.27523803710938
LA.2 (consensus call),1.301259160041809
LB.1,151.31997680664062
LB.1 (consensus call),153.42233276367188
LB.1.1,3.219136953353882
LB.1.1 (consensus call),158.96266174316406
LB.1.2,154.77882385253906
LB.1.2 (consensus call),156.5490264892578
LB.1.2.1,153.4155731201172
LB.1.2.1 (consensus call),156.40525817871094
LB.1.2.2,1.2921429872512817
LB.1.2.2 (consensus call),1.4374513626098633
LB.1.2.3 (consensus call),1.3002573251724243
LB.1.3,153.3134307861328
LB.1.3 (consensus call),155.1363525390625
LB.1.3.1,174.2105255126953
LB.1.3.1 (consensus call),176.2430877685547
LB.1.3.2 (consensus call),1.3097729682922363
LB.1.3.3 (consensus call),1.2843959331512451
LB.1.3.4 (consensus call),1.3010199069976807
LB.1.3.5,1.3099018335342407
LB.1.3.5 (consensus call),154.9159393310547
LB.1.4,2.4097981452941895
LB.1.4 (consensus call),154.89784240722656
LB.1.4.1,1.3097856044769287
LB.1.4.1 (consensus call),156.3971405029297
LB.1.4.2,1.3002228736877441
LB.1.4.2 (consensus call),1.2843226194381714
LB.1.4.3 (consensus call),1.28438138961792
LB.1.5,1.321353554725647
LB.1.5 (consensus call),155.94235229492188
LB.1.6 (consensus call),1.3204710483551025
LB.1.7,153.7754669189453
LB.1.7 (consensus call),154.91197204589844
LB.1.7.1,1.9296702146530151
LB.1.7.1 (consensus call),155.94129943847656
LB.1.7.2,1.35057532787323
LB.1.7.2 (consensus call),155.4560546875
LB.1.7.3,1.300295114517212
LB.1.7.3 (consensus call),152.92440795898438
LB.1.8,153.48277282714844
LB.1.8 (consensus call),154.13241577148438
LC.1,1.3581475019454956
LC.1 (consensus call),1.3436211347579956
LD.1,1.309874415397644
LD.1 (consensus call),153.57359313964844
LD.1.1,1.284672498703003
LE.1,1.3770517110824585
LE.1 (consensus call),146.99383544921875
LE.1.1,1.3119688034057617
LE.1.1 (consensus call),148.67771911621094
LE.1.2 (consensus call),1.6852343082427979
LE.1.3 (consensus call),1.2842341661453247
LE.1.3.1 (consensus call),1.4663801193237305
LF.1,147.7013702392578
LF.1 (consensus call),149.6703338623047
LF.1.1,1.3136498928070068
LF.1.1 (consensus call),149.46202087402344
LF.1.1.1,3.1174774169921875
LF.1.1.1 (consensus call),153.69439697265625
LF.10,1.2844234704971313
LF.2,1.3336535692214966
LF.2 (consensus call),152.9287567138672
LF.3,1.2917436361312866
LF.3 (consensus call),1.3492515087127686
LF.3.1,4.747376918792725
LF.3.1 (consensus call),154.41087341308594
LF.3.1.1,153.8623504638672
LF.3.1.1 (consensus call),153.84567260742188
LF.3.1.2 (consensus call),155.91506958007812
LF.4,1.327818751335144
LF.4 (consensus call),1.4433021545410156
LF.4.1,1.3101235628128052
LF.4.1 (consensus call),152.29823303222656
LF.5,1.2842965126037598
LF.5 (consensus call),154.7976837158203
LF.7,1.621220588684082
LF.7 (consensus call),176.24327087402344
LF.7.1,167.93438720703125
LF.7.1 (consensus call),174.1787567138672
LF.7.1.2,1.2928348779678345
LF.7.1.2 (consensus call),178.62533569335938
LF.7.1.3 (consensus call),1.3704673051834106
LF.7.1.5,1.3196243047714233
LF.7.1.5 (consensus call),1.284888505935669
LF.7.2,1.3307522535324097
LF.7.2 (consensus call),172.06813049316406
LF.7.2.1,1.6680810451507568
LF.7.2.1 (consensus call),177.7233123779297
LF.7.3,1.4707703590393066
LF.7.3 (consensus call),175.10708618164062
LF.7.3.1,1.3007985353469849
LF.7.3.1 (consensus call),1.388512372970581
LF.7.3.5,1.2850486040115356
LF.7.4,1.2845158576965332
LF.7.4 (consensus call),1.284820318222046
LF.7.5 (consensus call),1.2849295139312744
LF.7.6,1.3009610176086426
LF.7.6 (consensus call),1.34180748462677
LF.7.6.1,1.28470778465271
LF.7.6.1 (consensus call),172.12591552734375
LF.7.7 (consensus call),1.2848848104476929
LF.7.7.1,1.3839774131774902
LF.7.7.1 (consensus call),186.8363037109375
LF.7.7.2,1.3539466857910156
LF.7.7.2 (consensus call),203.4073028564453
LF.7.8 (consensus call),1.2850083112716675
LF.8.1 (consensus call),1.2849736213684082
LF.9,1.4311809539794922
LF.9 (consensus call),152.09397888183594
LF.9.1,1.2844358682632446
LF.9.1 (consensus call),3.2112526893615723
LG.1,1.2917373180389404
LG.1 (consensus call),155.76312255859375
LH.1 (consensus call),1.3248142004013062
LJ.1 (consensus call),1.3003604412078857
LK.1,1.2840056419372559
LK.1 (consensus call),1.3760251998901367
LK.2,1.3017985820770264
LK.2 (consensus call),1.2841874361038208
LK.2.1,1.2843315601348877
LK.2.1 (consensus call),1.4401922225952148
LL.1,1.310557246208191
LL.1 (consensus call),147.18038940429688
LN.1.1 (consensus call),1.310743808746338
LP.1,154.78173828125
LP.1 (consensus call),155.25018310546875
LP.1.1,1.6269476413726807
LP.1.1 (consensus call),155.40013122558594
LP.1.2,1.2844953536987305
LP.1.2 (consensus call),1.3003008365631104
LP.1.2.1 (consensus call),1.2921565771102905
LP.10.1 (consensus call),1.2844575643539429
LP.10.1.1 (consensus call),1.2920290231704712
LP.11,1.2844398021697998
LP.11 (consensus call),1.3483772277832031
LP.3,1.2842594385147095
LP.3 (consensus call),1.43279230594635
LP.4 (consensus call),1.319597840309143
LP.5,1.309584617614746
LP.5 (consensus call),167.02658081054688
LP.6,1.2917721271514893
LP.6 (consensus call),2.9436213970184326
LP.7,1.330383539199829
LP.7 (consensus call),172.37705993652344
LP.8 (consensus call),1.2849032878875732
LP.8.1,174.1103057861328
LP.8.1 (consensus call),178.16964721679688
LP.8.1.1,182.65237426757812
LP.8.1.1 (consensus call),185.37380981445312
LP.8.1.2,1.33017098903656
LP.8.1.2 (consensus call),176.5403594970703
LP.8.1.3,1.3415803909301758
LP.8.1.3 (consensus call),187.20201110839844
LP.8.1.4,1.383556842803955
LP.8.1.4 (consensus call),186.5216064453125
LP.8.1.5,1.425310492515564
LP.8.1.5 (consensus call),184.85475158691406
LP.8.1.6,1.3680943250656128
LP.8.1.6 (consensus call),188.90606689453125
LP.8.1.7,1.2848325967788696
LP.8.1.7 (consensus call),5.101367950439453
LP.8.1.8,1.3008960485458374
LP.8.1.8 (consensus call),186.52407836914062
LP.8.1.9 (consensus call),1.6179325580596924
LP.8.2 (consensus call),1.3097628355026245
LP.8.2.1,1.292276382446289
LP.9,1.2926883697509766
LP.9 (consensus call),1.3301695585250854
LQ.1,1.3532589673995972
LQ.1 (consensus call),152.8411865234375
LQ.1.1,1.508545994758606
LQ.1.1 (consensus call),151.78529357910156
LQ.3 (consensus call),1.2917490005493164
LR.1,1.2917920351028442
LR.1 (consensus call),158.55520629882812
LR.2,1.2843797206878662
LR.2 (consensus call),1.4190592765808105
LS.1 (consensus call),1.3211779594421387
LT.1 (consensus call),1.2917174100875854
LU.1,1.300330400466919
LU.1 (consensus call),153.14242553710938
LU.2,1.3003343343734741
LU.2 (consensus call),158.04348754882812
LU.2.1 (consensus call),1.2923932075500488
LU.2.1.1 (consensus call),1.3309671878814697
LV.1,1.303550362586975
LV.1 (consensus call),1.3547444343566895
LW.1,154.98179626464844
LW.1 (consensus call),157.2031707763672
LY.1,154.7263641357422
LY.1 (consensus call),156.84750366210938
LY.2,1.2842693328857422
LZ.1,1.3002588748931885
LZ.1 (consensus call),154.48382568359375
LZ.1.1 (consensus call),153.9086151123047
LZ.5 (consensus call),1.2918404340744019
MA.1,1.9596868753433228
MA.1 (consensus call),155.76077270507812
MA.1.2 (consensus call),1.3002750873565674
MB.1,1.3201264142990112
MB.1 (consensus call),160.786376953125
MB.1.1,162.3187255859375
MB.1.1 (consensus call),162.2802734375
MB.1.1.1 (consensus call),1.2843315601348877
MC.1,166.24118041992188
MC.1 (consensus call),165.29136657714844
MC.1.1,1.3418265581130981
MC.1.1 (consensus call),176.9889373779297
MC.1.1.1 (consensus call),1.2847942113876343
MC.1.2,1.3100192546844482
MC.1.2 (consensus call),177.31344604492188
MC.1.3,1.2927387952804565
MC.1.3 (consensus call),174.3096160888672
MC.1.3.1 (consensus call),1.3196241855621338
MC.1.4,1.300657033920288
MC.1.4 (consensus call),2.5592150688171387
MC.1.5,1.2847397327423096
MC.1.5 (consensus call),1.636854648590088
MC.1.6,1.300815463066101
MC.1.6 (consensus call),1.341920018196106
MC.1.7 (consensus call),1.3098278045654297
MC.10,1.3008586168289185
MC.10 (consensus call),171.75697326660156
MC.10.1,179.41319274902344
MC.10.1 (consensus call),176.7268524169922
MC.10.1.1,1.4268807172775269
MC.10.1.1 (consensus call),176.66331481933594
MC.10.1.2,1.2849032878875732
MC.10.1.2 (consensus call),1.3099044561386108
MC.10.1.3,1.284894585609436
MC.10.1.3 (consensus call),1.4053179025650024
MC.10.1.4 (consensus call),1.4315695762634277
MC.10.1.5,1.3196830749511719
MC.10.1.5 (consensus call),1.6440058946609497
MC.10.1.6,1.3196603059768677
MC.10.1.6 (consensus call),184.79994201660156
MC.10.1.7 (consensus call),1.3099931478500366
MC.10.2,1.3011218309402466
MC.10.2 (consensus call),179.27001953125
MC.10.2.1 (consensus call),1.3301496505737305
MC.11,3.069235324859619
MC.11 (consensus call),164.4722137451172
MC.11.1 (consensus call),1.2848402261734009
MC.12 (consensus call),1.284693956375122
MC.13,1.4430187940597534
MC.13 (consensus call),166.7258758544922
MC.13.1,1.2847824096679688
MC.13.1 (consensus call),159.85110473632812
MC.13.2,1.2850439548492432
MC.13.2 (consensus call),177.78323364257812
MC.13.2.1,1.2850003242492676
MC.13.2.1 (consensus call),1.5613007545471191
MC.13.3 (consensus call),1.4335532188415527
MC.13.3.1 (consensus call),1.284942865371704
MC.13.4 (consensus call),2.6113293170928955
MC.14 (consensus call),1.332358717918396
MC.15 (consensus call),1.3605635166168213
MC.16,1.4099326133728027
MC.16 (consensus call),166.48899841308594
MC.17 (consensus call),1.3568446636199951
MC.17.1 (consensus call),1.2926307916641235
MC.18 (consensus call),1.3006166219711304
MC.19,1.2848683595657349
MC.19 (consensus call),169.13986206054688
MC.19.1 (consensus call),1.3683620691299438
MC.2,1.3827673196792603
MC.2 (consensus call),171.62063598632812
MC.2.1,1.3096117973327637
MC.2.1 (consensus call),166.41940307617188
MC.20 (consensus call),1.2923271656036377
MC.21 (consensus call),1.3010358810424805
MC.21.1,1.2925055027008057
MC.21.1 (consensus call),183.20433044433594
MC.22,1.2846873998641968
MC.22 (consensus call),1.409967064857483
MC.23 (consensus call),175.33348083496094
MC.24,1.438712239265442
MC.24 (consensus call),165.1755828857422
MC.24.1,1.2848988771438599
MC.24.2,1.284376621246338
MC.24.2 (consensus call),1.3441346883773804
MC.25 (consensus call),1.9625906944274902
MC.26,1.28495454788208
MC.26 (consensus call),1.6573411226272583
MC.26.1,1.3003872632980347
MC.26.1 (consensus call),1.356553554534912
MC.27,1.2923169136047363
MC.27 (consensus call),1.3096461296081543
MC.28,1.3980991840362549
MC.28 (consensus call),163.99746704101562
MC.28.1 (consensus call),1.2927541732788086
MC.28.1.1,1.341514229774475
MC.28.1.1 (consensus call),186.0950164794922
MC.29,1.2848972082138062
MC.29 (consensus call),1.292115330696106
MC.3 (consensus call),1.3423110246658325
MC.30,1.2925662994384766
MC.30 (consensus call),1.3948808908462524
MC.30.1 (consensus call),1.2846323251724243
MC.30.1.1,1.3195693492889404
MC.30.1.1 (consensus call),176.60623168945312
MC.31,1.309982180595398
MC.31 (consensus call),197.71693420410156
MC.32 (consensus call),1.2920866012573242
MC.32.1 (consensus call),1.2849591970443726
MC.33.1,1.2928519248962402
MC.33.1 (consensus call),179.69322204589844
MC.33.2 (consensus call),1.2848848104476929
MC.34,1.4023966789245605
MC.34 (consensus call),162.41171264648438
MC.35,1.2920962572097778
MC.35 (consensus call),170.0455780029297
MC.36 (consensus call),1.2924786806106567
MC.36.2 (consensus call),1.2844748497009277
MC.37,1.2845922708511353
MC.37 (consensus call),1.3421051502227783
MC.39 (consensus call),1.3008900880813599
MC.4 (consensus call),1.3097418546676636
MC.6,1.330806016921997
MC.6 (consensus call),8.39117431640625
MC.8,1.2844398021697998
MC.8 (consensus call),1.616762638092041
MC.8.1,1.3099398612976074
MC.8.1 (consensus call),176.29974365234375
MC.9 (consensus call),167.1505889892578
MC.9.1 (consensus call),1.300982117652893
MD.1,1.2918784618377686
MD.1 (consensus call),2.626051664352417
MD.1.1 (consensus call),150.93795776367188
MD.2,1.284002423286438
MD.2 (consensus call),1.3117791414260864
MD.3 (consensus call),1.335004448890686
MD.3.1,1.2842693328857422
MD.3.1 (consensus call),153.3493194580078
ME.1 (consensus call),1.3209937810897827
MF.1,1.2919154167175293
MF.1 (consensus call),153.48260498046875
MF.2,1.2842769622802734
MF.2 (consensus call),153.697998046875
MG.1,1.309736967086792
MG.1 (consensus call),156.2957763671875
MG.2,1.2844191789627075
MG.2 (consensus call),1.2844318151474
MH.1,1.2917933464050293
MH.1 (consensus call),156.8262939453125
MJ.1 (consensus call),1.390576720237732
MK.1,154.72271728515625
MK.1 (consensus call),157.3373565673828
MK.2,1.2842724323272705
MK.2 (consensus call),2.416783571243286
MK.3 (consensus call),1.2918708324432373
ML.1,1.284149408340454
ML.1 (consensus call),2.685584545135498
ML.2,6.70919132232666
ML.2 (consensus call),153.5482940673828
MM.1,1.2844191789627075
MM.1 (consensus call),154.92141723632812
MM.2 (consensus call),1.3206862211227417
MR.1 (consensus call),1.3096230030059814
MS.1 (consensus call),1.467514157295227
MU.1,1.2843937873840332
MU.1 (consensus call),1.2843937873840332
MU.2 (consensus call),1.3210254907608032
MU.2.1 (consensus call),1.2842594385147095
MU.2.1.1 (consensus call),1.3099292516708374
MV.1,1.3101106882095337
MV.1 (consensus call),7.0999345779418945
MV.1.1 (consensus call),1.2925868034362793
MV.2 (consensus call),1.2844208478927612
MW.1 (consensus call),1.2843797206878662
NC.1.1 (consensus call),1.284830927848816
NC.1.2.2 (consensus call),1.2929047346115112
ND.1.1 (consensus call),1.3194915056228638
ND.1.1.2,1.2924301624298096
ND.3,1.2918974161148071
ND.3 (consensus call),1.2843992710113525
NF.1,1.3538929224014282
NF.1 (consensus call),1.578660011291504
NF.1.2,1.2848906517028809
NF.1.2 (consensus call),1.292824387550354
NG.1 (consensus call),1.284717082977295
NL.1.1 (consensus call),1.3008699417114258
NL.2 (consensus call),177.9804229736328
NL.3 (consensus call),1.3699383735656738
NL.4,1.2928025722503662
NL.4 (consensus call),183.86117553710938
NL.4.1 (consensus call),1.48662269115448
NL.5,1.2843937873840332
NL.5 (consensus call),2.1378462314605713
NL.5.1 (consensus call),1.309945821762085
NL.5.2,1.3011116981506348
NL.5.2 (consensus call),193.5513153076172
NL.6,1.2928104400634766
NL.6 (consensus call),1.2849375009536743
NL.8,1.2925124168395996
NL.8 (consensus call),1.3100762367248535
NM.1 (consensus call),1.3688511848449707
NM.2,1.2844548225402832
NM.2 (consensus call),1.2917965650558472
NN.2 (consensus call),1.284361720085144
NP.1 (consensus call),1.3682780265808105
NS.1 (consensus call),1.2840545177459717
NT.1,1.28458833694458
NT.1 (consensus call),1.3301841020584106
NW.1,1.2850297689437866
NW.1 (consensus call),195.5049285888672
NY.1 (consensus call),1.3197643756866455
NY.3,1.31015145778656
NY.3 (consensus call),202.44517517089844
NY.4 (consensus call),1.3301753997802734
NY.5 (consensus call),1.3012895584106445
NY.6 (consensus call),1.353718876838684
NY.7 (consensus call),1.3101848363876343
NY.8,1.2849068641662598
NY.8 (consensus call),1.575205683708191
P.1,-124.39879608154297
PA.1,1.3843802213668823
PA.1 (consensus call),187.86053466796875
Q.3,-29.322416305541992
XAA,-5.6408257484436035
XAC,1.5093458890914917
XAE,-14.502239227294922
XAF,5.758420467376709
XAG,3.383228302001953
XAH,-0.928130030632019
XAJ,27.588787078857422
XAK,26.90583038330078
XAM,8.331133842468262
XAN,29.476272583007812
XAP,1.6340245008468628
XAQ,-1.5860918760299683
XAS,33.6177978515625
XAU,9.49300479888916
XAV,35.13096618652344
XAY,1.2821964025497437
XAY.1,61.246639251708984
XAY.1.1.1,2.1108458042144775
XAY.2,1.3454588651657104
XAY.2.3,1.282529354095459
XAZ,37.288089752197266
XBB,64.19730377197266
XBB (consensus call based on Emerging Variants AA substitutions),2.0358946323394775
XBB.1,69.92324829101562
XBB.1.1,55.87692642211914
XBB.1.10,73.51399230957031
XBB.1.11,57.441184997558594
XBB.1.11.1,85.09326934814453
XBB.1.12,2.1387226581573486
XBB.1.12.1,1.2826967239379883
XBB.1.13,71.72933197021484
XBB.1.14,1.312159538269043
XBB.1.14.1,78.16050720214844
XBB.1.15,63.872962951660156
XBB.1.15.1,87.02043151855469
XBB.1.16,93.0656509399414
XBB.1.16 (consensus call),1.2941854000091553
XBB.1.16.1,92.80592346191406
XBB.1.16.10,94.7251968383789
XBB.1.16.11,103.74842071533203
XBB.1.16.12,97.59489440917969
XBB.1.16.13,93.32793426513672
XBB.1.16.14,98.23281860351562
XBB.1.16.15,106.02569580078125
XBB.1.16.16,97.2519302368164
XBB.1.16.17,115.14983367919922
XBB.1.16.18,92.7905044555664
XBB.1.16.19,93.39302825927734
XBB.1.16.2,91.79342651367188
XBB.1.16.20,90.44929504394531
XBB.1.16.21,93.83921813964844
XBB.1.16.22,89.52413940429688
XBB.1.16.23,103.44204711914062
XBB.1.16.24,105.66081237792969
XBB.1.16.3,92.28347778320312
XBB.1.16.4,89.63893127441406
XBB.1.16.5,93.48168182373047
XBB.1.16.6,102.6190414428711
XBB.1.16.7,93.63590240478516
XBB.1.16.8,95.91746520996094
XBB.1.16.9,101.08033752441406
XBB.1.17,64.19286346435547
XBB.1.17.1,86.86787414550781
XBB.1.18,72.54837036132812
XBB.1.18.1,84.69728088378906
XBB.1.19,7.162197589874268
XBB.1.19.1,90.26725006103516
XBB.1.19.2,84.00011444091797
XBB.1.20,51.815608978271484
XBB.1.21,80.35514831542969
XBB.1.22,95.61160278320312
XBB.1.22.1,93.47655487060547
XBB.1.22.2,87.47535705566406
XBB.1.22.3,96.22431945800781
XBB.1.24,1.607478380203247
XBB.1.24.1,92.08228302001953
XBB.1.24.2,1.282704472541809
XBB.1.24.3,2.508392095565796
XBB.1.25,1.2825285196304321
XBB.1.26,1.281942367553711
XBB.1.27,69.32462310791016
XBB.1.28,113.37195587158203
XBB.1.28.1,90.36302185058594
XBB.1.3,52.300689697265625
XBB.1.30,72.03193664550781
XBB.1.31,85.5701904296875
XBB.1.31.1,1.2829780578613281
XBB.1.31.2,86.87242889404297
XBB.1.32,62.557559967041016
XBB.1.33,92.30553436279297
XBB.1.34,88.80379486083984
XBB.1.34.1,93.38397979736328
XBB.1.34.2,3.5214831829071045
XBB.1.35,65.02264404296875
XBB.1.36,2.5211215019226074
XBB.1.37,57.40858840942383
XBB.1.37.1,90.0405044555664
XBB.1.38,69.59796142578125
XBB.1.39,48.187232971191406
XBB.1.4,72.43500518798828
XBB.1.4.1,65.31497192382812
XBB.1.4.2,89.41864776611328
XBB.1.40,84.17401885986328
XBB.1.41,95.39138793945312
XBB.1.41.1,109.18035888671875
XBB.1.41.2,103.68984985351562
XBB.1.42,94.80452728271484
XBB.1.42.1,102.83834075927734
XBB.1.42.2,98.04103088378906
XBB.1.43,60.52619171142578
XBB.1.43.1,86.74906158447266
XBB.1.44,89.09071350097656
XBB.1.44.1,88.27969360351562
XBB.1.45,59.03966522216797
XBB.1.45.1,79.69761657714844
XBB.1.47,4.195141792297363
XBB.1.47.1,84.6130142211914
XBB.1.48,1.2825793027877808
XBB.1.5,79.89035034179688
XBB.1.5 (consensus call),90.22651672363281
XBB.1.5.1,83.53045654296875
XBB.1.5.10,90.3898696899414
XBB.1.5.100,86.3023681640625
XBB.1.5.101,86.01082611083984
XBB.1.5.102,93.1844711303711
XBB.1.5.103,99.11607360839844
XBB.1.5.104,86.84870910644531
XBB.1.5.105,94.2729721069336
XBB.1.5.106,95.33300018310547
XBB.1.5.11,77.93980407714844
XBB.1.5.12,83.24506378173828
XBB.1.5.13,79.50265502929688
XBB.1.5.14,81.8514175415039
XBB.1.5.15,81.22061157226562
XBB.1.5.16,80.23074340820312
XBB.1.5.17,79.8878402709961
XBB.1.5.18,88.44113159179688
XBB.1.5.19,76.82902526855469
XBB.1.5.2,81.40000915527344
XBB.1.5.20,80.37889099121094
XBB.1.5.21,80.11326599121094
XBB.1.5.22,83.44544982910156
XBB.1.5.23,83.73506927490234
XBB.1.5.24,85.6922607421875
XBB.1.5.25,81.93932342529297
XBB.1.5.26,82.49791717529297
XBB.1.5.27,86.26241302490234
XBB.1.5.28,88.61607360839844
XBB.1.5.29,80.07875061035156
XBB.1.5.3,81.19369506835938
XBB.1.5.30,83.7120361328125
XBB.1.5.31,78.88256072998047
XBB.1.5.32,80.25892639160156
XBB.1.5.33,78.85426330566406
XBB.1.5.34,78.17121124267578
XBB.1.5.35,83.79873657226562
XBB.1.5.36,81.0472640991211
XBB.1.5.37,89.4444580078125
XBB.1.5.38,83.76885986328125
XBB.1.5.39,78.98735809326172
XBB.1.5.4,83.26156616210938
XBB.1.5.40,86.74855041503906
XBB.1.5.41,82.71311950683594
XBB.1.5.42,83.76616668701172
XBB.1.5.43,84.19915008544922
XBB.1.5.44,90.20947265625
XBB.1.5.45,92.94314575195312
XBB.1.5.46,84.69640350341797
XBB.1.5.47,82.97428131103516
XBB.1.5.48,80.00432586669922
XBB.1.5.49,85.47006225585938
XBB.1.5.49 (consensus call),85.07178497314453
XBB.1.5.5,81.56749725341797
XBB.1.5.50,83.28717803955078
XBB.1.5.51,81.44002532958984
XBB.1.5.52,80.34857940673828
XBB.1.5.53,1.2977246046066284
XBB.1.5.54,16.812244415283203
XBB.1.5.55,78.74602508544922
XBB.1.5.56,81.75994873046875
XBB.1.5.57,85.5874252319336
XBB.1.5.58,81.44541931152344
XBB.1.5.59,92.1459732055664
XBB.1.5.6,76.13294982910156
XBB.1.5.60,81.13972473144531
XBB.1.5.61,80.3333511352539
XBB.1.5.62,81.01005554199219
XBB.1.5.63,80.94978332519531
XBB.1.5.64,80.83108520507812
XBB.1.5.65,88.59156799316406
XBB.1.5.66,81.49606323242188
XBB.1.5.67,79.19993591308594
XBB.1.5.68,88.010986328125
XBB.1.5.69,83.00350952148438
XBB.1.5.7,80.95555877685547
XBB.1.5.70,100.47966003417969
XBB.1.5.71,92.91802215576172
XBB.1.5.72,95.85496520996094
XBB.1.5.73,87.4276123046875
XBB.1.5.74,6.991730213165283
XBB.1.5.75,82.93472290039062
XBB.1.5.76,86.27223205566406
XBB.1.5.77,87.9300537109375
XBB.1.5.78,84.80728149414062
XBB.1.5.79,79.81814575195312
XBB.1.5.8,77.01443481445312
XBB.1.5.80,81.46369934082031
XBB.1.5.81,90.93059539794922
XBB.1.5.83,86.54693603515625
XBB.1.5.84,83.22057342529297
XBB.1.5.85,90.11846923828125
XBB.1.5.86,84.83601379394531
XBB.1.5.87,2.0041615962982178
XBB.1.5.88,81.44599914550781
XBB.1.5.89,95.5672607421875
XBB.1.5.9,76.648193359375
XBB.1.5.90,86.14054107666016
XBB.1.5.91,82.83332824707031
XBB.1.5.92,86.75536346435547
XBB.1.5.93,82.98336791992188
XBB.1.5.94,88.96919250488281
XBB.1.5.95,82.74681091308594
XBB.1.5.96,80.39456939697266
XBB.1.5.97,86.66248321533203
XBB.1.5.98,95.46339416503906
XBB.1.5.99,86.07672119140625
XBB.1.6,56.674251556396484
XBB.1.7,59.913455963134766
XBB.1.8,46.615570068359375
XBB.1.9,89.57087707519531
XBB.1.9.1,89.23554992675781
XBB.1.9.2,91.31224060058594
XBB.1.9.3,2.3210604190826416
XBB.1.9.4,69.50890350341797
XBB.1.9.5,68.00768280029297
XBB.1.9.6,10.598925590515137
XBB.1.9.7,2.5204038619995117
XBB.2,57.982688903808594
XBB.2.1,47.96418380737305
XBB.2.10,1.2846966981887817
XBB.2.11,64.75433349609375
XBB.2.11.1,64.74320983886719
XBB.2.12,70.5274658203125
XBB.2.2,77.14385223388672
XBB.2.3,94.14774322509766
XBB.2.3.1,87.47502899169922
XBB.2.3.10,86.76858520507812
XBB.2.3.11,95.48126220703125
XBB.2.3.12,90.4168701171875
XBB.2.3.13,89.77519989013672
XBB.2.3.14,90.50879669189453
XBB.2.3.2,93.94207000732422
XBB.2.3.3,94.08108520507812
XBB.2.3.4,89.56529235839844
XBB.2.3.5,92.20613098144531
XBB.2.3.6,89.83902740478516
XBB.2.3.7,89.11746978759766
XBB.2.3.8,96.58424377441406
XBB.2.3.9,87.1208267211914
XBB.2.4,89.77198791503906
XBB.2.5,65.99374389648438
XBB.2.6,61.133575439453125
XBB.2.6.1,82.94474792480469
XBB.2.6.2,64.41818237304688
XBB.2.6.3,1.5879993438720703
XBB.2.7,65.26171112060547
XBB.2.7.1,1.2825793027877808
XBB.2.8,62.01495361328125
XBB.2.9,1.3197733163833618
XBB.3,53.9742546081543
XBB.3.1,52.993446350097656
XBB.3.2,57.04227828979492
XBB.3.3,53.527061462402344
XBB.3.4,74.61947631835938
XBB.3.5,60.36845397949219
XBB.4,62.35589599609375
XBB.4.1,46.24165725708008
XBB.5,45.69284439086914
XBB.6,57.76487350463867
XBB.6.1,73.4440689086914
XBB.7,4.448180675506592
XBB.8,55.0228271484375
XBB.8.1,75.87474060058594
XBB.8.2,96.25807189941406
XBB.9,54.21026611328125
XBC.1,51.91775131225586
XBC.1.1,70.790283203125
XBC.1.2.1,1.2826405763626099
XBC.1.3,73.50098419189453
XBC.1.4,79.59080505371094
XBC.1.5,47.632904052734375
XBC.1.6,92.46491241455078
XBC.1.6.1,2.4041736125946045
XBC.1.6.2,1.2833895683288574
XBC.1.6.3,96.69402313232422
XBC.1.6.4,87.1626205444336
XBC.2,42.934104919433594
XBD,52.39588928222656
XBE,46.437538146972656
XBF,72.99539184570312
XBF.1,71.97908020019531
XBF.2,78.76980590820312
XBF.3,71.5610580444336
XBF.4,73.75684356689453
XBF.5,78.11155700683594
XBF.6,66.31114959716797
XBF.7,68.01268768310547
XBF.7.1,3.003546953201294
XBF.8,1.2822706699371338
XBF.9,67.01469421386719
XBG,47.050987243652344
XBH,54.60475540161133
XBJ,54.028289794921875
XBJ.1,65.4874038696289
XBJ.1.1,1.281914234161377
XBJ.2,52.30629348754883
XBK,67.9404296875
XBK.1,78.44976806640625
XBL,84.46244812011719
XBL.1,81.29618072509766
XBL.2,83.19307708740234
XBL.3,93.24190521240234
XBL.3.1,87.73802185058594
XBM,55.755069732666016
XBN,56.42808532714844
XBP,67.47691345214844
XBR,63.735904693603516
XBU,74.61876678466797
XBV,66.13419342041016
XBW,66.82713317871094
XBZ,62.731876373291016
XCA,78.8909912109375
XCB,2.3538529872894287
XCC,87.9561538696289
XCD,1.283206820487976
XCE,89.7867431640625
XCF,95.88043212890625
XCF.1,88.52802276611328
XCG,65.2259292602539
XCH,105.56446838378906
XCH.1,109.49699401855469
XCJ,1.2975165843963623
XCK,99.6135482788086
XCL,103.61865234375
XCM,106.39480590820312
XCP,112.59172821044922
XDD,131.3448028564453
XDD (consensus call),135.6123809814453
XDD.1,1.2840776443481445
XDD.1 (consensus call),3.2184457778930664
XDD.1.1,1.301381230354309
XDD.1.1 (consensus call),137.5484619140625
XDD.2 (consensus call),1.3195453882217407
XDK,140.155517578125
XDK (consensus call),142.92135620117188
XDK.1,1.4391006231307983
XDK.1 (consensus call),147.57740783691406
XDK.1.2,1.3003945350646973
XDK.1.2 (consensus call),152.0449981689453
XDK.3,1.394200325012207
XDK.3 (consensus call),151.12380981445312
XDK.4 (consensus call),1.2918338775634766
XDK.4.1 (consensus call),150.81874084472656
XDK.5,1.5380816459655762
XDK.5 (consensus call),151.58506774902344
XDK.6 (consensus call),1.2843090295791626
XDN,1.3414721488952637
XDN (consensus call),134.800048828125
XDP,137.23004150390625
XDP (consensus call),141.49510192871094
XDP.1,140.95449829101562
XDP.1 (consensus call),144.01634216308594
XDP.2 (consensus call),1.2841018438339233
XDP.3,136.86868286132812
XDP.3 (consensus call),139.45327758789062
XDQ,141.85289001464844
XDQ (consensus call),149.71884155273438
XDQ.1,1.3119994401931763
XDQ.1 (consensus call),147.2367401123047
XDQ.1.1 (consensus call),1.300333857536316
XDQ.2,1.2839696407318115
XDQ.3,1.2839592695236206
XDR,2.787687063217163
XDR (consensus call),141.6720428466797
XDR.1 (consensus call),2.7792537212371826
XDS,1.3018693923950195
XDS (consensus call),1.3253376483917236
XDV,2.7810606956481934
XDV (consensus call),10.944873809814453
XDV.1,151.0531005859375
XDV.1 (consensus call),153.4667205810547
XDY,161.00831604003906
XDY (consensus call),161.65032958984375
XDZ (consensus call),1.3005938529968262
XE,-4.635252475738525
XEB,131.65184020996094
XEB (consensus call),141.54112243652344
XEC,168.48031616210938
XEC (consensus call),168.6782989501953
XEC.1,170.3422393798828
XEC.1 (consensus call),169.88528442382812
XEC.11,1.2850341796875
XEC.11 (consensus call),1.5170135498046875
XEC.11.1,1.3100510835647583
XEC.11.1 (consensus call),188.29806518554688
XEC.11.1.1 (consensus call),1.3100266456604004
XEC.12,1.3303109407424927
XEC.12 (consensus call),174.42214965820312
XEC.13 (consensus call),1.2850391864776611
XEC.14,1.300925374031067
XEC.14 (consensus call),176.63978576660156
XEC.15 (consensus call),1.992424488067627
XEC.16,1.2850158214569092
XEC.16 (consensus call),1.3011012077331543
XEC.18,1.330108642578125
XEC.18 (consensus call),176.35964965820312
XEC.19,1.2925264835357666
XEC.19 (consensus call),1.919813632965088
XEC.2,4.21610164642334
XEC.2 (consensus call),180.50149536132812
XEC.2.1 (consensus call),181.06398010253906
XEC.2.2,1.3197122812271118
XEC.2.2 (consensus call),183.0681610107422
XEC.2.3 (consensus call),1.3009400367736816
XEC.2.3.1 (consensus call),1.284988284111023
XEC.20 (consensus call),1.2919902801513672
XEC.20.1 (consensus call),1.2929046154022217
XEC.21,1.2927277088165283
XEC.21 (consensus call),1.6210150718688965
XEC.22 (consensus call),1.495449423789978
XEC.23 (consensus call),1.3302887678146362
XEC.24,1.301081895828247
XEC.24 (consensus call),1.3690482378005981
XEC.25 (consensus call),1.292601466178894
XEC.3 (consensus call),1.354678750038147
XEC.4,1.354304313659668
XEC.4 (consensus call),189.38143920898438
XEC.4.1,1.4226410388946533
XEC.4.1 (consensus call),188.39779663085938
XEC.5,1.3100850582122803
XEC.5 (consensus call),182.18190002441406
XEC.6,1.3197351694107056
XEC.6 (consensus call),2.971766710281372
XEC.8,184.09237670898438
XEC.8 (consensus call),177.5055694580078
XEC.9,1.3914927244186401
XEC.9 (consensus call),183.0768585205078
XG,-27.491491317749023
XL,-6.002718448638916
XM,-16.71721839904785
XN,-10.841626167297363
XQ,-10.918496131896973
XS,-25.89300537109375
XU,9.501713752746582
XW,-5.347076892852783
XY,-4.86217737197876
XZ,-2.535065174102783
